image_path,label
/content/data/star/fill_star_992.jpg,0
/content/data/nebula/nebula_868.jpg,3
/content/data/star/fill_star_906.jpg,0
/content/data/star/star_99.jpg,0
/content/data/nebula/nebula_441.jpg,3
/content/data/planet/nasa_planet_660.jpg,4
/content/data/galaxy/galaxy_77.jpg,1
/content/data/quasar/fill_quasar_185.jpg,2
/content/data/galaxy/galaxy_352.jpg,1
/content/data/nebula/nebula_829.jpg,3
/content/data/planet/nasa_planet_436.jpg,4
/content/data/galaxy/galaxy_520.jpg,1
/content/data/star/fill_star_949.jpg,0
/content/data/galaxy/galaxy_399.jpg,1
/content/data/star/star_313.jpg,0
/content/data/planet/nasa_planet_435.jpg,4
/content/data/planet/nasa_planet_917.jpg,4
/content/data/quasar/fill_quasar_517.jpg,2
/content/data/quasar/fill_quasar_541.jpg,2
/content/data/planet/nasa_planet_108.jpg,4
/content/data/quasar/fill_quasar_187.jpg,2
/content/data/quasar/fill_quasar_513.jpg,2
/content/data/planet/nasa_planet_624.jpg,4
/content/data/nebula/nebula_595.jpg,3
/content/data/star/star_406.jpg,0
/content/data/galaxy/galaxy_58.jpg,1
/content/data/quasar/fill_quasar_375.jpg,2
/content/data/star/fill_star_883.jpg,0
/content/data/nebula/nasa_nebula_61.jpg,3
/content/data/nebula/nebula_467.jpg,3
/content/data/star/fill_star_857.jpg,0
/content/data/quasar/quasar_35.jpg,2
/content/data/planet/nasa_planet_913.jpg,4
/content/data/star/star_585.jpg,0
/content/data/planet/nasa_planet_41.jpg,4
/content/data/star/star_93.jpg,0
/content/data/planet/nasa_planet_815.jpg,4
/content/data/planet/nasa_planet_551.jpg,4
/content/data/nebula/nasa_nebula_299.jpg,3
/content/data/planet/nasa_planet_779.jpg,4
/content/data/galaxy/galaxy_359.jpg,1
/content/data/star/fill_star_972.jpg,0
/content/data/star/star_165.jpg,0
/content/data/galaxy/nasa_galaxy_28.jpg,1
/content/data/galaxy/galaxy_775.jpg,1
/content/data/star/star_369.jpg,0
/content/data/galaxy/galaxy_509.jpg,1
/content/data/planet/nasa_planet_844.jpg,4
/content/data/planet/nasa_planet_672.jpg,4
/content/data/planet/nasa_planet_767.jpg,4
/content/data/nebula/nasa_nebula_258.jpg,3
/content/data/galaxy/galaxy_537.jpg,1
/content/data/nebula/fill_nebula_929.jpg,3
/content/data/planet/nasa_planet_620.jpg,4
/content/data/galaxy/galaxy_99.jpg,1
/content/data/galaxy/galaxy_40.jpg,1
/content/data/nebula/nebula_864.jpg,3
/content/data/nebula/nasa_nebula_103.jpg,3
/content/data/quasar/fill_quasar_219.jpg,2
/content/data/nebula/nebula_566.jpg,3
/content/data/planet/nasa_planet_714.jpg,4
/content/data/planet/nasa_planet_399.jpg,4
/content/data/star/star_289.jpg,0
/content/data/star/star_98.jpg,0
/content/data/nebula/nasa_nebula_172.jpg,3
/content/data/nebula/nasa_nebula_53.jpg,3
/content/data/planet/nasa_planet_542.jpg,4
/content/data/galaxy/galaxy_475.jpg,1
/content/data/planet/nasa_planet_161.jpg,4
/content/data/galaxy/galaxy_432.jpg,1
/content/data/quasar/fill_quasar_153.jpg,2
/content/data/star/fill_star_878.jpg,0
/content/data/star/fill_star_848.jpg,0
/content/data/star/star_230.jpg,0
/content/data/quasar/fill_quasar_392.jpg,2
/content/data/galaxy/galaxy_941.jpg,1
/content/data/planet/nasa_planet_204.jpg,4
/content/data/planet/nasa_planet_256.jpg,4
/content/data/planet/nasa_planet_530.jpg,4
/content/data/planet/nasa_planet_864.jpg,4
/content/data/star/star_100.jpg,0
/content/data/galaxy/galaxy_335.jpg,1
/content/data/nebula/fill_nebula_906.jpg,3
/content/data/galaxy/galaxy_594.jpg,1
/content/data/planet/nasa_planet_785.jpg,4
/content/data/galaxy/galaxy_563.jpg,1
/content/data/nebula/nebula_600.jpg,3
/content/data/star/star_253.jpg,0
/content/data/star/fill_star_987.jpg,0
/content/data/galaxy/galaxy_719.jpg,1
/content/data/galaxy/galaxy_867.jpg,1
/content/data/star/star_17.jpg,0
/content/data/star/fill_star_673.jpg,0
/content/data/galaxy/galaxy_899.jpg,1
/content/data/star/star_377.jpg,0
/content/data/star/star_115.jpg,0
/content/data/planet/nasa_planet_287.jpg,4
/content/data/star/star_594.jpg,0
/content/data/star/star_461.jpg,0
/content/data/galaxy/galaxy_126.jpg,1
/content/data/planet/nasa_planet_776.jpg,4
/content/data/quasar/fill_quasar_488.jpg,2
/content/data/galaxy/galaxy_777.jpg,1
/content/data/quasar/fill_quasar_438.jpg,2
/content/data/quasar/fill_quasar_330.jpg,2
/content/data/planet/nasa_planet_545.jpg,4
/content/data/galaxy/galaxy_889.jpg,1
/content/data/quasar/fill_quasar_322.jpg,2
/content/data/quasar/fill_quasar_155.jpg,2
/content/data/nebula/nebula_544.jpg,3
/content/data/galaxy/galaxy_423.jpg,1
/content/data/nebula/nebula_499.jpg,3
/content/data/nebula/nebula_603.jpg,3
/content/data/star/star_363.jpg,0
/content/data/galaxy/galaxy_895.jpg,1
/content/data/star/fill_star_633.jpg,0
/content/data/quasar/fill_quasar_396.jpg,2
/content/data/star/star_254.jpg,0
/content/data/planet/nasa_planet_977.jpg,4
/content/data/star/star_294.jpg,0
/content/data/planet/nasa_planet_333.jpg,4
/content/data/nebula/nebula_751.jpg,3
/content/data/star/star_157.jpg,0
/content/data/nebula/nebula_831.jpg,3
/content/data/star/fill_star_690.jpg,0
/content/data/planet/nasa_planet_413.jpg,4
/content/data/planet/nasa_planet_461.jpg,4
/content/data/nebula/nebula_649.jpg,3
/content/data/nebula/nebula_428.jpg,3
/content/data/nebula/nasa_nebula_221.jpg,3
/content/data/galaxy/galaxy_441.jpg,1
/content/data/nebula/fill_nebula_941.jpg,3
/content/data/planet/nasa_planet_137.jpg,4
/content/data/nebula/nebula_532.jpg,3
/content/data/galaxy/galaxy_935.jpg,1
/content/data/quasar/quasar_17.jpg,2
/content/data/nebula/nasa_nebula_302.jpg,3
/content/data/quasar/fill_quasar_341.jpg,2
/content/data/galaxy/galaxy_234.jpg,1
/content/data/star/star_465.jpg,0
/content/data/galaxy/galaxy_996.jpg,1
/content/data/star/star_175.jpg,0
/content/data/quasar/fill_quasar_483.jpg,2
/content/data/star/star_227.jpg,0
/content/data/quasar/fill_quasar_465.jpg,2
/content/data/nebula/nebula_444.jpg,3
/content/data/planet/nasa_planet_580.jpg,4
/content/data/quasar/fill_quasar_310.jpg,2
/content/data/galaxy/galaxy_142.jpg,1
/content/data/star/fill_star_786.jpg,0
/content/data/nebula/nebula_573.jpg,3
/content/data/star/star_9.jpg,0
/content/data/nebula/nasa_nebula_284.jpg,3
/content/data/nebula/nebula_774.jpg,3
/content/data/planet/nasa_planet_708.jpg,4
/content/data/planet/nasa_planet_261.jpg,4
/content/data/nebula/fill_nebula_923.jpg,3
/content/data/nebula/nebula_416.jpg,3
/content/data/nebula/fill_nebula_879.jpg,3
/content/data/star/star_525.jpg,0
/content/data/nebula/nasa_nebula_259.jpg,3
/content/data/planet/nasa_planet_873.jpg,4
/content/data/nebula/nebula_682.jpg,3
/content/data/nebula/nebula_460.jpg,3
/content/data/nebula/nebula_720.jpg,3
/content/data/planet/nasa_planet_597.jpg,4
/content/data/quasar/fill_quasar_258.jpg,2
/content/data/nebula/nebula_793.jpg,3
/content/data/galaxy/galaxy_264.jpg,1
/content/data/galaxy/galaxy_48.jpg,1
/content/data/star/fill_star_654.jpg,0
/content/data/nebula/nebula_517.jpg,3
/content/data/galaxy/galaxy_426.jpg,1
/content/data/nebula/nasa_nebula_294.jpg,3
/content/data/nebula/fill_nebula_977.jpg,3
/content/data/quasar/fill_quasar_212.jpg,2
/content/data/galaxy/galaxy_940.jpg,1
/content/data/nebula/fill_nebula_887.jpg,3
/content/data/star/star_606.jpg,0
/content/data/planet/nasa_planet_915.jpg,4
/content/data/nebula/fill_nebula_950.jpg,3
/content/data/star/star_481.jpg,0
/content/data/nebula/nasa_nebula_8.jpg,3
/content/data/galaxy/galaxy_295.jpg,1
/content/data/galaxy/galaxy_91.jpg,1
/content/data/planet/nasa_planet_391.jpg,4
/content/data/planet/nasa_planet_368.jpg,4
/content/data/planet/nasa_planet_354.jpg,4
/content/data/star/star_477.jpg,0
/content/data/planet/nasa_planet_361.jpg,4
/content/data/star/star_386.jpg,0
/content/data/star/star_192.jpg,0
/content/data/galaxy/galaxy_749.jpg,1
/content/data/galaxy/galaxy_793.jpg,1
/content/data/quasar/fill_quasar_177.jpg,2
/content/data/quasar/fill_quasar_475.jpg,2
/content/data/quasar/fill_quasar_523.jpg,2
/content/data/star/star_263.jpg,0
/content/data/galaxy/galaxy_665.jpg,1
/content/data/nebula/nebula_389.jpg,3
/content/data/star/star_370.jpg,0
/content/data/nebula/nebula_423.jpg,3
/content/data/nebula/nebula_666.jpg,3
/content/data/galaxy/galaxy_428.jpg,1
/content/data/nebula/nebula_516.jpg,3
/content/data/star/fill_star_898.jpg,0
/content/data/nebula/nebula_513.jpg,3
/content/data/quasar/quasar_45.jpg,2
/content/data/nebula/nasa_nebula_300.jpg,3
/content/data/planet/nasa_planet_198.jpg,4
/content/data/galaxy/galaxy_727.jpg,1
/content/data/nebula/nasa_nebula_241.jpg,3
/content/data/quasar/quasar_37.jpg,2
/content/data/quasar/fill_quasar_165.jpg,2
/content/data/star/fill_star_913.jpg,0
/content/data/galaxy/galaxy_421.jpg,1
/content/data/star/fill_star_672.jpg,0
/content/data/planet/nasa_planet_936.jpg,4
/content/data/quasar/quasar_96.jpg,2
/content/data/galaxy/galaxy_637.jpg,1
/content/data/galaxy/galaxy_371.jpg,1
/content/data/star/fill_star_821.jpg,0
/content/data/nebula/nebula_810.jpg,3
/content/data/galaxy/galaxy_652.jpg,1
/content/data/quasar/fill_quasar_492.jpg,2
/content/data/galaxy/galaxy_753.jpg,1
/content/data/nebula/nebula_799.jpg,3
/content/data/galaxy/galaxy_701.jpg,1
/content/data/star/star_246.jpg,0
/content/data/nebula/nasa_nebula_260.jpg,3
/content/data/star/star_284.jpg,0
/content/data/star/fill_star_774.jpg,0
/content/data/nebula/nasa_nebula_285.jpg,3
/content/data/star/star_515.jpg,0
/content/data/nebula/nasa_nebula_130.jpg,3
/content/data/quasar/fill_quasar_227.jpg,2
/content/data/planet/nasa_planet_748.jpg,4
/content/data/star/star_518.jpg,0
/content/data/nebula/nebula_356.jpg,3
/content/data/star/star_437.jpg,0
/content/data/planet/nasa_planet_751.jpg,4
/content/data/planet/nasa_planet_42.jpg,4
/content/data/planet/nasa_planet_914.jpg,4
/content/data/nebula/nebula_461.jpg,3
/content/data/planet/nasa_planet_916.jpg,4
/content/data/planet/nasa_planet_828.jpg,4
/content/data/galaxy/galaxy_924.jpg,1
/content/data/star/fill_star_724.jpg,0
/content/data/star/fill_star_759.jpg,0
/content/data/galaxy/galaxy_533.jpg,1
/content/data/quasar/fill_quasar_250.jpg,2
/content/data/star/star_170.jpg,0
/content/data/nebula/nasa_nebula_269.jpg,3
/content/data/galaxy/galaxy_494.jpg,1
/content/data/nebula/nebula_753.jpg,3
/content/data/nebula/nebula_589.jpg,3
/content/data/quasar/fill_quasar_412.jpg,2
/content/data/galaxy/galaxy_534.jpg,1
/content/data/galaxy/galaxy_197.jpg,1
/content/data/planet/nasa_planet_53.jpg,4
/content/data/planet/nasa_planet_93.jpg,4
/content/data/galaxy/galaxy_891.jpg,1
/content/data/planet/nasa_planet_703.jpg,4
/content/data/star/star_315.jpg,0
/content/data/planet/nasa_planet_791.jpg,4
/content/data/planet/nasa_planet_541.jpg,4
/content/data/planet/nasa_planet_469.jpg,4
/content/data/galaxy/nasa_galaxy_21.jpg,1
/content/data/planet/nasa_planet_626.jpg,4
/content/data/nebula/nebula_704.jpg,3
/content/data/galaxy/galaxy_947.jpg,1
/content/data/planet/nasa_planet_676.jpg,4
/content/data/star/star_143.jpg,0
/content/data/star/fill_star_617.jpg,0
/content/data/galaxy/galaxy_120.jpg,1
/content/data/galaxy/galaxy_644.jpg,1
/content/data/planet/nasa_planet_684.jpg,4
/content/data/galaxy/galaxy_583.jpg,1
/content/data/quasar/fill_quasar_295.jpg,2
/content/data/galaxy/galaxy_641.jpg,1
/content/data/star/fill_star_935.jpg,0
/content/data/galaxy/galaxy_171.jpg,1
/content/data/galaxy/galaxy_950.jpg,1
/content/data/nebula/nebula_537.jpg,3
/content/data/nebula/nasa_nebula_176.jpg,3
/content/data/planet/nasa_planet_650.jpg,4
/content/data/star/fill_star_831.jpg,0
/content/data/star/fill_star_894.jpg,0
/content/data/nebula/nebula_667.jpg,3
/content/data/galaxy/galaxy_345.jpg,1
/content/data/planet/nasa_planet_22.jpg,4
/content/data/planet/nasa_planet_590.jpg,4
/content/data/quasar/fill_quasar_372.jpg,2
/content/data/planet/nasa_planet_27.jpg,4
/content/data/star/star_458.jpg,0
/content/data/nebula/nebula_371.jpg,3
/content/data/nebula/nebula_424.jpg,3
/content/data/planet/nasa_planet_211.jpg,4
/content/data/galaxy/galaxy_605.jpg,1
/content/data/star/fill_star_789.jpg,0
/content/data/galaxy/galaxy_542.jpg,1
/content/data/star/star_460.jpg,0
/content/data/star/fill_star_812.jpg,0
/content/data/galaxy/galaxy_117.jpg,1
/content/data/star/star_277.jpg,0
/content/data/star/star_199.jpg,0
/content/data/nebula/nebula_777.jpg,3
/content/data/planet/nasa_planet_499.jpg,4
/content/data/galaxy/galaxy_430.jpg,1
/content/data/planet/nasa_planet_980.jpg,4
/content/data/nebula/nebula_425.jpg,3
/content/data/planet/nasa_planet_687.jpg,4
/content/data/star/star_319.jpg,0
/content/data/planet/nasa_planet_172.jpg,4
/content/data/star/star_586.jpg,0
/content/data/nebula/nasa_nebula_243.jpg,3
/content/data/star/fill_star_754.jpg,0
/content/data/planet/nasa_planet_119.jpg,4
/content/data/planet/nasa_planet_720.jpg,4
/content/data/quasar/fill_quasar_236.jpg,2
/content/data/nebula/nasa_nebula_60.jpg,3
/content/data/galaxy/galaxy_206.jpg,1
/content/data/star/star_224.jpg,0
/content/data/nebula/nasa_nebula_40.jpg,3
/content/data/galaxy/galaxy_552.jpg,1
/content/data/quasar/quasar_103.jpg,2
/content/data/galaxy/galaxy_676.jpg,1
/content/data/galaxy/galaxy_933.jpg,1
/content/data/planet/nasa_planet_760.jpg,4
/content/data/nebula/nasa_nebula_252.jpg,3
/content/data/galaxy/galaxy_657.jpg,1
/content/data/nebula/nasa_nebula_316.jpg,3
/content/data/planet/nasa_planet_616.jpg,4
/content/data/galaxy/galaxy_790.jpg,1
/content/data/nebula/nebula_594.jpg,3
/content/data/planet/nasa_planet_861.jpg,4
/content/data/star/star_581.jpg,0
/content/data/star/star_491.jpg,0
/content/data/galaxy/galaxy_839.jpg,1
/content/data/planet/nasa_planet_502.jpg,4
/content/data/nebula/nasa_nebula_205.jpg,3
/content/data/star/star_516.jpg,0
/content/data/star/fill_star_740.jpg,0
/content/data/nebula/nebula_718.jpg,3
/content/data/galaxy/galaxy_591.jpg,1
/content/data/nebula/nebula_483.jpg,3
/content/data/galaxy/galaxy_325.jpg,1
/content/data/quasar/fill_quasar_210.jpg,2
/content/data/planet/nasa_planet_406.jpg,4
/content/data/nebula/nebula_775.jpg,3
/content/data/galaxy/galaxy_214.jpg,1
/content/data/star/star_331.jpg,0
/content/data/quasar/fill_quasar_453.jpg,2
/content/data/nebula/nasa_nebula_256.jpg,3
/content/data/planet/nasa_planet_248.jpg,4
/content/data/star/star_457.jpg,0
/content/data/star/star_484.jpg,0
/content/data/galaxy/galaxy_768.jpg,1
/content/data/planet/nasa_planet_124.jpg,4
/content/data/planet/nasa_planet_868.jpg,4
/content/data/star/star_307.jpg,0
/content/data/nebula/nebula_638.jpg,3
/content/data/nebula/nasa_nebula_129.jpg,3
/content/data/star/star_575.jpg,0
/content/data/star/star_325.jpg,0
/content/data/planet/nasa_planet_762.jpg,4
/content/data/nebula/fill_nebula_933.jpg,3
/content/data/planet/nasa_planet_151.jpg,4
/content/data/galaxy/galaxy_636.jpg,1
/content/data/galaxy/galaxy_807.jpg,1
/content/data/star/fill_star_743.jpg,0
/content/data/nebula/nebula_694.jpg,3
/content/data/star/star_195.jpg,0
/content/data/nebula/nasa_nebula_141.jpg,3
/content/data/nebula/nasa_nebula_107.jpg,3
/content/data/nebula/nebula_668.jpg,3
/content/data/planet/nasa_planet_510.jpg,4
/content/data/galaxy/galaxy_261.jpg,1
/content/data/galaxy/nasa_galaxy_29.jpg,1
/content/data/galaxy/galaxy_245.jpg,1
/content/data/nebula/nebula_439.jpg,3
/content/data/nebula/nebula_432.jpg,3
/content/data/galaxy/galaxy_769.jpg,1
/content/data/quasar/fill_quasar_152.jpg,2
/content/data/quasar/quasar_129.jpg,2
/content/data/quasar/fill_quasar_298.jpg,2
/content/data/planet/nasa_planet_801.jpg,4
/content/data/nebula/fill_nebula_916.jpg,3
/content/data/galaxy/galaxy_455.jpg,1
/content/data/planet/nasa_planet_668.jpg,4
/content/data/planet/nasa_planet_509.jpg,4
/content/data/galaxy/galaxy_144.jpg,1
/content/data/quasar/quasar_38.jpg,2
/content/data/galaxy/galaxy_780.jpg,1
/content/data/galaxy/galaxy_269.jpg,1
/content/data/quasar/fill_quasar_256.jpg,2
/content/data/planet/nasa_planet_553.jpg,4
/content/data/nebula/nebula_618.jpg,3
/content/data/nebula/nebula_832.jpg,3
/content/data/nebula/nebula_505.jpg,3
/content/data/galaxy/galaxy_182.jpg,1
/content/data/quasar/quasar_41.jpg,2
/content/data/planet/nasa_planet_4.jpg,4
/content/data/nebula/nebula_716.jpg,3
/content/data/planet/nasa_planet_365.jpg,4
/content/data/planet/nasa_planet_337.jpg,4
/content/data/galaxy/galaxy_276.jpg,1
/content/data/galaxy/galaxy_157.jpg,1
/content/data/planet/nasa_planet_378.jpg,4
/content/data/star/fill_star_869.jpg,0
/content/data/galaxy/galaxy_207.jpg,1
/content/data/nebula/fill_nebula_888.jpg,3
/content/data/star/star_596.jpg,0
/content/data/nebula/fill_nebula_946.jpg,3
/content/data/planet/nasa_planet_972.jpg,4
/content/data/galaxy/galaxy_239.jpg,1
/content/data/galaxy/galaxy_835.jpg,1
/content/data/nebula/nasa_nebula_250.jpg,3
/content/data/quasar/fill_quasar_544.jpg,2
/content/data/galaxy/galaxy_326.jpg,1
/content/data/star/star_92.jpg,0
/content/data/quasar/fill_quasar_366.jpg,2
/content/data/galaxy/galaxy_348.jpg,1
/content/data/nebula/nebula_507.jpg,3
/content/data/galaxy/galaxy_685.jpg,1
/content/data/quasar/quasar_87.jpg,2
/content/data/star/star_87.jpg,0
/content/data/planet/nasa_planet_534.jpg,4
/content/data/planet/nasa_planet_305.jpg,4
/content/data/nebula/nasa_nebula_20.jpg,3
/content/data/nebula/nebula_691.jpg,3
/content/data/nebula/nebula_469.jpg,3
/content/data/quasar/fill_quasar_520.jpg,2
/content/data/nebula/nebula_567.jpg,3
/content/data/quasar/fill_quasar_293.jpg,2
/content/data/galaxy/galaxy_948.jpg,1
/content/data/quasar/quasar_91.jpg,2
/content/data/galaxy/galaxy_574.jpg,1
/content/data/nebula/nasa_nebula_207.jpg,3
/content/data/star/star_44.jpg,0
/content/data/galaxy/galaxy_565.jpg,1
/content/data/nebula/nebula_466.jpg,3
/content/data/planet/nasa_planet_799.jpg,4
/content/data/galaxy/galaxy_461.jpg,1
/content/data/star/fill_star_868.jpg,0
/content/data/star/star_479.jpg,0
/content/data/nebula/nasa_nebula_296.jpg,3
/content/data/quasar/fill_quasar_622.jpg,2
/content/data/galaxy/galaxy_942.jpg,1
/content/data/galaxy/galaxy_971.jpg,1
/content/data/nebula/nasa_nebula_69.jpg,3
/content/data/star/fill_star_885.jpg,0
/content/data/star/star_376.jpg,0
/content/data/planet/nasa_planet_210.jpg,4
/content/data/planet/nasa_planet_281.jpg,4
/content/data/quasar/quasar_65.jpg,2
/content/data/planet/nasa_planet_982.jpg,4
/content/data/planet/nasa_planet_45.jpg,4
/content/data/galaxy/galaxy_842.jpg,1
/content/data/nebula/nasa_nebula_44.jpg,3
/content/data/star/fill_star_970.jpg,0
/content/data/quasar/fill_quasar_445.jpg,2
/content/data/star/star_485.jpg,0
/content/data/nebula/nasa_nebula_242.jpg,3
/content/data/galaxy/galaxy_937.jpg,1
/content/data/galaxy/nasa_galaxy_27.jpg,1
/content/data/nebula/nebula_633.jpg,3
/content/data/star/star_11.jpg,0
/content/data/star/fill_star_680.jpg,0
/content/data/quasar/fill_quasar_599.jpg,2
/content/data/galaxy/galaxy_894.jpg,1
/content/data/galaxy/galaxy_368.jpg,1
/content/data/galaxy/galaxy_837.jpg,1
/content/data/nebula/nasa_nebula_246.jpg,3
/content/data/planet/nasa_planet_909.jpg,4
/content/data/star/star_130.jpg,0
/content/data/planet/nasa_planet_122.jpg,4
/content/data/planet/nasa_planet_945.jpg,4
/content/data/quasar/fill_quasar_306.jpg,2
/content/data/nebula/nebula_357.jpg,3
/content/data/star/star_320.jpg,0
/content/data/nebula/nebula_772.jpg,3
/content/data/planet/nasa_planet_317.jpg,4
/content/data/quasar/fill_quasar_440.jpg,2
/content/data/galaxy/galaxy_272.jpg,1
/content/data/star/star_553.jpg,0
/content/data/nebula/nebula_443.jpg,3
/content/data/galaxy/galaxy_479.jpg,1
/content/data/galaxy/galaxy_512.jpg,1
/content/data/star/star_535.jpg,0
/content/data/galaxy/galaxy_773.jpg,1
/content/data/galaxy/galaxy_579.jpg,1
/content/data/planet/nasa_planet_949.jpg,4
/content/data/nebula/nasa_nebula_158.jpg,3
/content/data/planet/nasa_planet_723.jpg,4
/content/data/nebula/nasa_nebula_63.jpg,3
/content/data/galaxy/galaxy_176.jpg,1
/content/data/nebula/nebula_712.jpg,3
/content/data/nebula/nebula_470.jpg,3
/content/data/nebula/nasa_nebula_189.jpg,3
/content/data/nebula/nasa_nebula_222.jpg,3
/content/data/star/star_29.jpg,0
/content/data/star/fill_star_820.jpg,0
/content/data/galaxy/galaxy_794.jpg,1
/content/data/star/fill_star_662.jpg,0
/content/data/quasar/fill_quasar_502.jpg,2
/content/data/galaxy/galaxy_752.jpg,1
/content/data/nebula/fill_nebula_991.jpg,3
/content/data/planet/nasa_planet_536.jpg,4
/content/data/galaxy/nasa_galaxy_24.jpg,1
/content/data/quasar/quasar_61.jpg,2
/content/data/nebula/nebula_348.jpg,3
/content/data/nebula/nasa_nebula_28.jpg,3
/content/data/nebula/nasa_nebula_197.jpg,3
/content/data/planet/nasa_planet_635.jpg,4
/content/data/planet/nasa_planet_471.jpg,4
/content/data/galaxy/galaxy_111.jpg,1
/content/data/quasar/fill_quasar_545.jpg,2
/content/data/planet/nasa_planet_934.jpg,4
/content/data/galaxy/galaxy_457.jpg,1
/content/data/planet/nasa_planet_479.jpg,4
/content/data/star/star_523.jpg,0
/content/data/nebula/nasa_nebula_101.jpg,3
/content/data/star/star_142.jpg,0
/content/data/nebula/fill_nebula_899.jpg,3
/content/data/quasar/fill_quasar_493.jpg,2
/content/data/nebula/nasa_nebula_110.jpg,3
/content/data/nebula/nebula_476.jpg,3
/content/data/star/star_597.jpg,0
/content/data/planet/nasa_planet_554.jpg,4
/content/data/nebula/nebula_527.jpg,3
/content/data/galaxy/galaxy_417.jpg,1
/content/data/galaxy/galaxy_990.jpg,1
/content/data/star/fill_star_867.jpg,0
/content/data/quasar/fill_quasar_410.jpg,2
/content/data/galaxy/galaxy_887.jpg,1
/content/data/quasar/quasar_93.jpg,2
/content/data/planet/nasa_planet_23.jpg,4
/content/data/nebula/nasa_nebula_59.jpg,3
/content/data/star/star_563.jpg,0
/content/data/planet/nasa_planet_257.jpg,4
/content/data/galaxy/galaxy_814.jpg,1
/content/data/galaxy/galaxy_390.jpg,1
/content/data/planet/nasa_planet_442.jpg,4
/content/data/nebula/nebula_607.jpg,3
/content/data/planet/nasa_planet_126.jpg,4
/content/data/galaxy/galaxy_734.jpg,1
/content/data/quasar/fill_quasar_515.jpg,2
/content/data/planet/nasa_planet_838.jpg,4
/content/data/star/star_394.jpg,0
/content/data/star/star_419.jpg,0
/content/data/nebula/nasa_nebula_245.jpg,3
/content/data/quasar/fill_quasar_240.jpg,2
/content/data/nebula/nasa_nebula_11.jpg,3
/content/data/star/star_359.jpg,0
/content/data/quasar/quasar_14.jpg,2
/content/data/nebula/nebula_560.jpg,3
/content/data/quasar/fill_quasar_404.jpg,2
/content/data/planet/nasa_planet_123.jpg,4
/content/data/galaxy/nasa_galaxy_30.jpg,1
/content/data/galaxy/galaxy_460.jpg,1
/content/data/galaxy/galaxy_333.jpg,1
/content/data/planet/nasa_planet_942.jpg,4
/content/data/planet/nasa_planet_522.jpg,4
/content/data/planet/nasa_planet_493.jpg,4
/content/data/nebula/nebula_543.jpg,3
/content/data/star/star_463.jpg,0
/content/data/quasar/fill_quasar_174.jpg,2
/content/data/star/star_158.jpg,0
/content/data/nebula/nasa_nebula_201.jpg,3
/content/data/galaxy/galaxy_944.jpg,1
/content/data/galaxy/galaxy_370.jpg,1
/content/data/galaxy/galaxy_243.jpg,1
/content/data/galaxy/galaxy_585.jpg,1
/content/data/quasar/quasar_101.jpg,2
/content/data/quasar/quasar_31.jpg,2
/content/data/planet/nasa_planet_408.jpg,4
/content/data/galaxy/galaxy_434.jpg,1
/content/data/star/star_234.jpg,0
/content/data/quasar/fill_quasar_171.jpg,2
/content/data/nebula/nebula_465.jpg,3
/content/data/galaxy/galaxy_784.jpg,1
/content/data/planet/nasa_planet_645.jpg,4
/content/data/quasar/quasar_32.jpg,2
/content/data/nebula/nebula_861.jpg,3
/content/data/galaxy/galaxy_726.jpg,1
/content/data/galaxy/galaxy_760.jpg,1
/content/data/star/star_449.jpg,0
/content/data/galaxy/galaxy_707.jpg,1
/content/data/planet/nasa_planet_20.jpg,4
/content/data/quasar/fill_quasar_397.jpg,2
/content/data/quasar/quasar_33.jpg,2
/content/data/quasar/fill_quasar_547.jpg,2
/content/data/galaxy/galaxy_194.jpg,1
/content/data/nebula/nebula_657.jpg,3
/content/data/nebula/nasa_nebula_159.jpg,3
/content/data/planet/nasa_planet_82.jpg,4
/content/data/star/fill_star_647.jpg,0
/content/data/planet/nasa_planet_706.jpg,4
/content/data/star/fill_star_956.jpg,0
/content/data/galaxy/galaxy_339.jpg,1
/content/data/star/star_269.jpg,0
/content/data/galaxy/galaxy_499.jpg,1
/content/data/nebula/nebula_745.jpg,3
/content/data/star/star_8.jpg,0
/content/data/nebula/nebula_711.jpg,3
/content/data/star/fill_star_850.jpg,0
/content/data/quasar/fill_quasar_487.jpg,2
/content/data/galaxy/galaxy_336.jpg,1
/content/data/star/fill_star_835.jpg,0
/content/data/galaxy/galaxy_898.jpg,1
/content/data/star/fill_star_991.jpg,0
/content/data/galaxy/galaxy_852.jpg,1
/content/data/planet/nasa_planet_903.jpg,4
/content/data/galaxy/galaxy_592.jpg,1
/content/data/planet/nasa_planet_59.jpg,4
/content/data/nebula/fill_nebula_945.jpg,3
/content/data/galaxy/galaxy_582.jpg,1
/content/data/star/fill_star_626.jpg,0
/content/data/star/star_209.jpg,0
/content/data/star/fill_star_830.jpg,0
/content/data/planet/nasa_planet_366.jpg,4
/content/data/star/star_220.jpg,0
/content/data/star/star_416.jpg,0
/content/data/quasar/fill_quasar_519.jpg,2
/content/data/galaxy/galaxy_625.jpg,1
/content/data/planet/nasa_planet_763.jpg,4
/content/data/planet/nasa_planet_910.jpg,4
/content/data/planet/nasa_planet_79.jpg,4
/content/data/galaxy/galaxy_158.jpg,1
/content/data/galaxy/galaxy_189.jpg,1
/content/data/nebula/nasa_nebula_190.jpg,3
/content/data/star/fill_star_707.jpg,0
/content/data/quasar/fill_quasar_337.jpg,2
/content/data/star/fill_star_824.jpg,0
/content/data/nebula/nebula_361.jpg,3
/content/data/nebula/nebula_346.jpg,3
/content/data/quasar/fill_quasar_527.jpg,2
/content/data/nebula/nebula_752.jpg,3
/content/data/nebula/nasa_nebula_97.jpg,3
/content/data/galaxy/galaxy_993.jpg,1
/content/data/quasar/fill_quasar_446.jpg,2
/content/data/planet/nasa_planet_130.jpg,4
/content/data/planet/nasa_planet_452.jpg,4
/content/data/planet/nasa_planet_752.jpg,4
/content/data/star/star_83.jpg,0
/content/data/nebula/fill_nebula_967.jpg,3
/content/data/star/star_160.jpg,0
/content/data/nebula/nebula_414.jpg,3
/content/data/planet/nasa_planet_118.jpg,4
/content/data/star/star_258.jpg,0
/content/data/galaxy/galaxy_599.jpg,1
/content/data/quasar/quasar_49.jpg,2
/content/data/quasar/fill_quasar_551.jpg,2
/content/data/planet/nasa_planet_858.jpg,4
/content/data/star/star_600.jpg,0
/content/data/quasar/fill_quasar_486.jpg,2
/content/data/quasar/fill_quasar_179.jpg,2
/content/data/galaxy/galaxy_813.jpg,1
/content/data/planet/nasa_planet_820.jpg,4
/content/data/nebula/fill_nebula_917.jpg,3
/content/data/star/fill_star_793.jpg,0
/content/data/galaxy/galaxy_177.jpg,1
/content/data/planet/nasa_planet_625.jpg,4
/content/data/planet/nasa_planet_291.jpg,4
/content/data/planet/nasa_planet_389.jpg,4
/content/data/galaxy/galaxy_114.jpg,1
/content/data/planet/nasa_planet_769.jpg,4
/content/data/star/star_176.jpg,0
/content/data/planet/nasa_planet_973.jpg,4
/content/data/star/fill_star_682.jpg,0
/content/data/nebula/nebula_367.jpg,3
/content/data/quasar/fill_quasar_348.jpg,2
/content/data/galaxy/galaxy_524.jpg,1
/content/data/nebula/nebula_676.jpg,3
/content/data/galaxy/galaxy_624.jpg,1
/content/data/nebula/nebula_332.jpg,3
/content/data/planet/nasa_planet_659.jpg,4
/content/data/galaxy/galaxy_782.jpg,1
/content/data/nebula/nebula_693.jpg,3
/content/data/nebula/fill_nebula_990.jpg,3
/content/data/planet/nasa_planet_675.jpg,4
/content/data/nebula/nebula_500.jpg,3
/content/data/nebula/nebula_791.jpg,3
/content/data/nebula/nasa_nebula_293.jpg,3
/content/data/star/star_557.jpg,0
/content/data/nebula/nebula_679.jpg,3
/content/data/star/star_447.jpg,0
/content/data/star/fill_star_725.jpg,0
/content/data/star/star_56.jpg,0
/content/data/nebula/nebula_721.jpg,3
/content/data/nebula/nebula_557.jpg,3
/content/data/star/fill_star_665.jpg,0
/content/data/star/star_278.jpg,0
/content/data/planet/nasa_planet_169.jpg,4
/content/data/star/star_218.jpg,0
/content/data/planet/nasa_planet_830.jpg,4
/content/data/planet/nasa_planet_761.jpg,4
/content/data/quasar/fill_quasar_384.jpg,2
/content/data/star/fill_star_912.jpg,0
/content/data/nebula/nebula_598.jpg,3
/content/data/quasar/fill_quasar_347.jpg,2
/content/data/galaxy/galaxy_84.jpg,1
/content/data/quasar/quasar_111.jpg,2
/content/data/planet/nasa_planet_320.jpg,4
/content/data/nebula/nebula_640.jpg,3
/content/data/nebula/fill_nebula_893.jpg,3
/content/data/planet/nasa_planet_19.jpg,4
/content/data/star/star_352.jpg,0
/content/data/nebula/nebula_702.jpg,3
/content/data/nebula/nebula_549.jpg,3
/content/data/galaxy/galaxy_403.jpg,1
/content/data/planet/nasa_planet_396.jpg,4
/content/data/nebula/nebula_871.jpg,3
/content/data/nebula/nebula_386.jpg,3
/content/data/star/star_409.jpg,0
/content/data/nebula/nebula_501.jpg,3
/content/data/quasar/fill_quasar_549.jpg,2
/content/data/quasar/fill_quasar_504.jpg,2
/content/data/star/fill_star_933.jpg,0
/content/data/galaxy/galaxy_824.jpg,1
/content/data/planet/nasa_planet_745.jpg,4
/content/data/nebula/nasa_nebula_163.jpg,3
/content/data/quasar/quasar_115.jpg,2
/content/data/planet/nasa_planet_239.jpg,4
/content/data/quasar/fill_quasar_281.jpg,2
/content/data/galaxy/galaxy_808.jpg,1
/content/data/quasar/fill_quasar_208.jpg,2
/content/data/nebula/nebula_558.jpg,3
/content/data/galaxy/galaxy_217.jpg,1
/content/data/nebula/nasa_nebula_54.jpg,3
/content/data/quasar/fill_quasar_272.jpg,2
/content/data/nebula/nasa_nebula_73.jpg,3
/content/data/star/fill_star_782.jpg,0
/content/data/star/fill_star_745.jpg,0
/content/data/nebula/nasa_nebula_124.jpg,3
/content/data/galaxy/galaxy_803.jpg,1
/content/data/galaxy/galaxy_59.jpg,1
/content/data/star/fill_star_668.jpg,0
/content/data/planet/nasa_planet_721.jpg,4
/content/data/planet/nasa_planet_148.jpg,4
/content/data/galaxy/galaxy_488.jpg,1
/content/data/quasar/quasar_52.jpg,2
/content/data/nebula/nebula_637.jpg,3
/content/data/quasar/quasar_95.jpg,2
/content/data/star/fill_star_676.jpg,0
/content/data/star/fill_star_697.jpg,0
/content/data/planet/nasa_planet_856.jpg,4
/content/data/planet/nasa_planet_924.jpg,4
/content/data/planet/nasa_planet_772.jpg,4
/content/data/planet/nasa_planet_270.jpg,4
/content/data/star/star_129.jpg,0
/content/data/nebula/nebula_398.jpg,3
/content/data/quasar/fill_quasar_542.jpg,2
/content/data/nebula/nasa_nebula_194.jpg,3
/content/data/planet/nasa_planet_981.jpg,4
/content/data/nebula/nebula_660.jpg,3
/content/data/galaxy/galaxy_986.jpg,1
/content/data/star/star_245.jpg,0
/content/data/planet/nasa_planet_823.jpg,4
/content/data/nebula/fill_nebula_904.jpg,3
/content/data/planet/nasa_planet_699.jpg,4
/content/data/galaxy/galaxy_908.jpg,1
/content/data/star/fill_star_845.jpg,0
/content/data/star/fill_star_781.jpg,0
/content/data/galaxy/galaxy_693.jpg,1
/content/data/nebula/nebula_396.jpg,3
/content/data/nebula/fill_nebula_890.jpg,3
/content/data/planet/nasa_planet_928.jpg,4
/content/data/star/star_208.jpg,0
/content/data/quasar/fill_quasar_528.jpg,2
/content/data/star/fill_star_931.jpg,0
/content/data/planet/nasa_planet_162.jpg,4
/content/data/star/star_462.jpg,0
/content/data/nebula/nebula_625.jpg,3
/content/data/star/fill_star_828.jpg,0
/content/data/nebula/fill_nebula_912.jpg,3
/content/data/galaxy/galaxy_513.jpg,1
/content/data/nebula/fill_nebula_979.jpg,3
/content/data/star/fill_star_785.jpg,0
/content/data/planet/nasa_planet_164.jpg,4
/content/data/nebula/nasa_nebula_67.jpg,3
/content/data/galaxy/galaxy_554.jpg,1
/content/data/nebula/nebula_736.jpg,3
/content/data/nebula/nebula_761.jpg,3
/content/data/galaxy/galaxy_422.jpg,1
/content/data/star/star_296.jpg,0
/content/data/nebula/nebula_402.jpg,3
/content/data/star/star_521.jpg,0
/content/data/galaxy/galaxy_932.jpg,1
/content/data/galaxy/galaxy_920.jpg,1
/content/data/galaxy/galaxy_682.jpg,1
/content/data/quasar/fill_quasar_580.jpg,2
/content/data/quasar/fill_quasar_255.jpg,2
/content/data/star/star_336.jpg,0
/content/data/planet/nasa_planet_585.jpg,4
/content/data/nebula/nebula_827.jpg,3
/content/data/planet/nasa_planet_420.jpg,4
/content/data/star/star_266.jpg,0
/content/data/star/star_184.jpg,0
/content/data/star/star_578.jpg,0
/content/data/star/fill_star_921.jpg,0
/content/data/planet/nasa_planet_260.jpg,4
/content/data/quasar/quasar_8.jpg,2
/content/data/quasar/fill_quasar_267.jpg,2
/content/data/galaxy/galaxy_776.jpg,1
/content/data/planet/nasa_planet_564.jpg,4
/content/data/planet/nasa_planet_106.jpg,4
/content/data/quasar/fill_quasar_157.jpg,2
/content/data/star/star_467.jpg,0
/content/data/galaxy/galaxy_163.jpg,1
/content/data/quasar/fill_quasar_146.jpg,2
/content/data/planet/nasa_planet_653.jpg,4
/content/data/quasar/fill_quasar_229.jpg,2
/content/data/galaxy/nasa_galaxy_1.jpg,1
/content/data/nebula/nebula_536.jpg,3
/content/data/galaxy/galaxy_222.jpg,1
/content/data/planet/nasa_planet_303.jpg,4
/content/data/quasar/fill_quasar_383.jpg,2
/content/data/nebula/nasa_nebula_170.jpg,3
/content/data/nebula/nebula_732.jpg,3
/content/data/galaxy/galaxy_290.jpg,1
/content/data/star/fill_star_870.jpg,0
/content/data/nebula/nebula_590.jpg,3
/content/data/star/star_12.jpg,0
/content/data/nebula/fill_nebula_885.jpg,3
/content/data/galaxy/galaxy_69.jpg,1
/content/data/galaxy/galaxy_159.jpg,1
/content/data/galaxy/galaxy_174.jpg,1
/content/data/star/fill_star_723.jpg,0
/content/data/galaxy/galaxy_188.jpg,1
/content/data/nebula/nebula_453.jpg,3
/content/data/star/star_111.jpg,0
/content/data/star/star_222.jpg,0
/content/data/galaxy/galaxy_257.jpg,1
/content/data/star/star_186.jpg,0
/content/data/star/fill_star_807.jpg,0
/content/data/quasar/quasar_136.jpg,2
/content/data/galaxy/galaxy_330.jpg,1
/content/data/planet/nasa_planet_583.jpg,4
/content/data/star/fill_star_888.jpg,0
/content/data/star/fill_star_855.jpg,0
/content/data/galaxy/galaxy_906.jpg,1
/content/data/quasar/fill_quasar_321.jpg,2
/content/data/nebula/nebula_395.jpg,3
/content/data/star/star_414.jpg,0
/content/data/galaxy/galaxy_600.jpg,1
/content/data/star/star_281.jpg,0
/content/data/galaxy/galaxy_410.jpg,1
/content/data/galaxy/galaxy_444.jpg,1
/content/data/planet/nasa_planet_61.jpg,4
/content/data/galaxy/galaxy_424.jpg,1
/content/data/planet/nasa_planet_100.jpg,4
/content/data/galaxy/galaxy_611.jpg,1
/content/data/nebula/nebula_852.jpg,3
/content/data/planet/nasa_planet_453.jpg,4
/content/data/star/fill_star_842.jpg,0
/content/data/quasar/fill_quasar_378.jpg,2
/content/data/star/star_264.jpg,0
/content/data/planet/nasa_planet_476.jpg,4
/content/data/quasar/fill_quasar_443.jpg,2
/content/data/nebula/nebula_652.jpg,3
/content/data/star/star_565.jpg,0
/content/data/quasar/fill_quasar_266.jpg,2
/content/data/galaxy/galaxy_704.jpg,1
/content/data/galaxy/galaxy_795.jpg,1
/content/data/galaxy/galaxy_718.jpg,1
/content/data/galaxy/galaxy_959.jpg,1
/content/data/nebula/nasa_nebula_179.jpg,3
/content/data/nebula/nebula_790.jpg,3
/content/data/galaxy/galaxy_346.jpg,1
/content/data/star/star_287.jpg,0
/content/data/nebula/nebula_860.jpg,3
/content/data/planet/nasa_planet_269.jpg,4
/content/data/galaxy/galaxy_965.jpg,1
/content/data/star/star_584.jpg,0
/content/data/planet/nasa_planet_818.jpg,4
/content/data/nebula/nebula_365.jpg,3
/content/data/quasar/fill_quasar_512.jpg,2
/content/data/planet/nasa_planet_988.jpg,4
/content/data/quasar/fill_quasar_276.jpg,2
/content/data/planet/nasa_planet_507.jpg,4
/content/data/galaxy/galaxy_684.jpg,1
/content/data/planet/nasa_planet_286.jpg,4
/content/data/galaxy/galaxy_653.jpg,1
/content/data/galaxy/galaxy_724.jpg,1
/content/data/galaxy/galaxy_419.jpg,1
/content/data/quasar/fill_quasar_189.jpg,2
/content/data/nebula/nasa_nebula_254.jpg,3
/content/data/quasar/fill_quasar_317.jpg,2
/content/data/star/star_562.jpg,0
/content/data/star/star_583.jpg,0
/content/data/star/star_15.jpg,0
/content/data/quasar/fill_quasar_292.jpg,2
/content/data/galaxy/galaxy_985.jpg,1
/content/data/nebula/nebula_862.jpg,3
/content/data/planet/nasa_planet_345.jpg,4
/content/data/galaxy/galaxy_398.jpg,1
/content/data/nebula/nebula_853.jpg,3
/content/data/galaxy/galaxy_289.jpg,1
/content/data/quasar/fill_quasar_252.jpg,2
/content/data/star/star_147.jpg,0
/content/data/planet/nasa_planet_617.jpg,4
/content/data/galaxy/galaxy_228.jpg,1
/content/data/galaxy/galaxy_78.jpg,1
/content/data/star/fill_star_930.jpg,0
/content/data/star/fill_star_983.jpg,0
/content/data/quasar/fill_quasar_561.jpg,2
/content/data/nebula/nasa_nebula_105.jpg,3
/content/data/star/star_22.jpg,0
/content/data/nebula/nasa_nebula_301.jpg,3
/content/data/quasar/quasar_30.jpg,2
/content/data/star/star_73.jpg,0
/content/data/star/star_304.jpg,0
/content/data/nebula/nebula_335.jpg,3
/content/data/planet/nasa_planet_407.jpg,4
/content/data/planet/nasa_planet_581.jpg,4
/content/data/star/fill_star_648.jpg,0
/content/data/galaxy/galaxy_955.jpg,1
/content/data/quasar/fill_quasar_374.jpg,2
/content/data/planet/nasa_planet_671.jpg,4
/content/data/planet/nasa_planet_213.jpg,4
/content/data/star/fill_star_852.jpg,0
/content/data/planet/nasa_planet_63.jpg,4
/content/data/star/star_499.jpg,0
/content/data/galaxy/galaxy_401.jpg,1
/content/data/star/star_399.jpg,0
/content/data/star/star_260.jpg,0
/content/data/galaxy/galaxy_377.jpg,1
/content/data/nebula/nebula_749.jpg,3
/content/data/star/star_397.jpg,0
/content/data/star/fill_star_747.jpg,0
/content/data/galaxy/galaxy_148.jpg,1
/content/data/star/fill_star_742.jpg,0
/content/data/nebula/nasa_nebula_295.jpg,3
/content/data/planet/nasa_planet_165.jpg,4
/content/data/planet/nasa_planet_455.jpg,4
/content/data/quasar/fill_quasar_460.jpg,2
/content/data/galaxy/galaxy_80.jpg,1
/content/data/quasar/fill_quasar_363.jpg,2
/content/data/galaxy/galaxy_277.jpg,1
/content/data/star/fill_star_751.jpg,0
/content/data/galaxy/galaxy_827.jpg,1
/content/data/star/fill_star_961.jpg,0
/content/data/star/fill_star_613.jpg,0
/content/data/quasar/fill_quasar_497.jpg,2
/content/data/quasar/fill_quasar_510.jpg,2
/content/data/galaxy/galaxy_722.jpg,1
/content/data/nebula/nasa_nebula_289.jpg,3
/content/data/galaxy/galaxy_97.jpg,1
/content/data/planet/nasa_planet_234.jpg,4
/content/data/planet/nasa_planet_105.jpg,4
/content/data/star/star_364.jpg,0
/content/data/star/star_257.jpg,0
/content/data/quasar/fill_quasar_315.jpg,2
/content/data/star/star_298.jpg,0
/content/data/nebula/nasa_nebula_236.jpg,3
/content/data/star/star_574.jpg,0
/content/data/star/star_153.jpg,0
/content/data/quasar/fill_quasar_325.jpg,2
/content/data/galaxy/nasa_galaxy_2.jpg,1
/content/data/planet/nasa_planet_416.jpg,4
/content/data/nebula/nasa_nebula_168.jpg,3
/content/data/galaxy/galaxy_960.jpg,1
/content/data/planet/nasa_planet_501.jpg,4
/content/data/planet/nasa_planet_224.jpg,4
/content/data/galaxy/galaxy_674.jpg,1
/content/data/galaxy/galaxy_627.jpg,1
/content/data/planet/nasa_planet_202.jpg,4
/content/data/galaxy/galaxy_323.jpg,1
/content/data/galaxy/galaxy_473.jpg,1
/content/data/nebula/nebula_362.jpg,3
/content/data/quasar/fill_quasar_398.jpg,2
/content/data/nebula/nebula_534.jpg,3
/content/data/planet/nasa_planet_263.jpg,4
/content/data/planet/nasa_planet_343.jpg,4
/content/data/galaxy/galaxy_498.jpg,1
/content/data/galaxy/nasa_galaxy_22.jpg,1
/content/data/quasar/fill_quasar_423.jpg,2
/content/data/planet/nasa_planet_349.jpg,4
/content/data/nebula/nebula_845.jpg,3
/content/data/planet/nasa_planet_385.jpg,4
/content/data/star/star_235.jpg,0
/content/data/galaxy/galaxy_380.jpg,1
/content/data/planet/nasa_planet_565.jpg,4
/content/data/galaxy/galaxy_730.jpg,1
/content/data/star/star_21.jpg,0
/content/data/planet/nasa_planet_654.jpg,4
/content/data/quasar/fill_quasar_490.jpg,2
/content/data/quasar/fill_quasar_577.jpg,2
/content/data/nebula/nasa_nebula_251.jpg,3
/content/data/galaxy/galaxy_774.jpg,1
/content/data/nebula/nasa_nebula_244.jpg,3
/content/data/star/fill_star_772.jpg,0
/content/data/star/star_412.jpg,0
/content/data/nebula/nasa_nebula_29.jpg,3
/content/data/planet/nasa_planet_584.jpg,4
/content/data/star/fill_star_884.jpg,0
/content/data/galaxy/galaxy_262.jpg,1
/content/data/star/star_71.jpg,0
/content/data/star/star_42.jpg,0
/content/data/nebula/nebula_563.jpg,3
/content/data/star/star_31.jpg,0
/content/data/planet/nasa_planet_575.jpg,4
/content/data/nebula/nebula_762.jpg,3
/content/data/quasar/quasar_43.jpg,2
/content/data/planet/nasa_planet_66.jpg,4
/content/data/nebula/nasa_nebula_184.jpg,3
/content/data/galaxy/galaxy_714.jpg,1
/content/data/galaxy/galaxy_968.jpg,1
/content/data/star/nasa_star_4.jpg,0
/content/data/star/star_423.jpg,0
/content/data/nebula/nebula_421.jpg,3
/content/data/planet/nasa_planet_152.jpg,4
/content/data/galaxy/galaxy_266.jpg,1
/content/data/star/star_473.jpg,0
/content/data/star/star_347.jpg,0
/content/data/star/fill_star_681.jpg,0
/content/data/nebula/nebula_670.jpg,3
/content/data/star/fill_star_856.jpg,0
/content/data/nebula/nebula_440.jpg,3
/content/data/planet/nasa_planet_829.jpg,4
/content/data/galaxy/galaxy_470.jpg,1
/content/data/planet/nasa_planet_878.jpg,4
/content/data/galaxy/nasa_galaxy_12.jpg,1
/content/data/galaxy/galaxy_587.jpg,1
/content/data/galaxy/galaxy_44.jpg,1
/content/data/planet/nasa_planet_432.jpg,4
/content/data/planet/nasa_planet_80.jpg,4
/content/data/galaxy/galaxy_525.jpg,1
/content/data/nebula/nasa_nebula_185.jpg,3
/content/data/galaxy/galaxy_416.jpg,1
/content/data/planet/nasa_planet_379.jpg,4
/content/data/galaxy/galaxy_459.jpg,1
/content/data/planet/nasa_planet_488.jpg,4
/content/data/nebula/nebula_729.jpg,3
/content/data/nebula/nebula_413.jpg,3
/content/data/quasar/fill_quasar_564.jpg,2
/content/data/planet/nasa_planet_135.jpg,4
/content/data/nebula/nebula_671.jpg,3
/content/data/star/star_418.jpg,0
/content/data/galaxy/galaxy_404.jpg,1
/content/data/planet/nasa_planet_943.jpg,4
/content/data/planet/nasa_planet_264.jpg,4
/content/data/planet/nasa_planet_933.jpg,4
/content/data/nebula/nasa_nebula_281.jpg,3
/content/data/planet/nasa_planet_608.jpg,4
/content/data/planet/nasa_planet_821.jpg,4
/content/data/galaxy/galaxy_921.jpg,1
/content/data/planet/nasa_planet_282.jpg,4
/content/data/star/fill_star_915.jpg,0
/content/data/planet/nasa_planet_863.jpg,4
/content/data/galaxy/galaxy_893.jpg,1
/content/data/quasar/fill_quasar_506.jpg,2
/content/data/galaxy/galaxy_952.jpg,1
/content/data/planet/nasa_planet_398.jpg,4
/content/data/planet/nasa_planet_74.jpg,4
/content/data/galaxy/galaxy_661.jpg,1
/content/data/star/fill_star_618.jpg,0
/content/data/nebula/nasa_nebula_255.jpg,3
/content/data/planet/nasa_planet_306.jpg,4
/content/data/star/star_166.jpg,0
/content/data/planet/nasa_planet_71.jpg,4
/content/data/star/fill_star_876.jpg,0
/content/data/nebula/nebula_540.jpg,3
/content/data/nebula/nebula_508.jpg,3
/content/data/quasar/fill_quasar_217.jpg,2
/content/data/quasar/fill_quasar_294.jpg,2
/content/data/quasar/fill_quasar_333.jpg,2
/content/data/nebula/nasa_nebula_239.jpg,3
/content/data/galaxy/galaxy_307.jpg,1
/content/data/galaxy/galaxy_385.jpg,1
/content/data/star/fill_star_829.jpg,0
/content/data/quasar/fill_quasar_602.jpg,2
/content/data/star/fill_star_643.jpg,0
/content/data/star/fill_star_998.jpg,0
/content/data/planet/nasa_planet_925.jpg,4
/content/data/star/star_285.jpg,0
/content/data/galaxy/galaxy_702.jpg,1
/content/data/quasar/fill_quasar_558.jpg,2
/content/data/planet/nasa_planet_586.jpg,4
/content/data/galaxy/galaxy_799.jpg,1
/content/data/quasar/fill_quasar_142.jpg,2
/content/data/star/star_531.jpg,0
/content/data/nebula/nebula_526.jpg,3
/content/data/quasar/fill_quasar_233.jpg,2
/content/data/star/star_221.jpg,0
/content/data/star/fill_star_910.jpg,0
/content/data/nebula/nebula_621.jpg,3
/content/data/planet/nasa_planet_859.jpg,4
/content/data/nebula/nasa_nebula_49.jpg,3
/content/data/nebula/nebula_744.jpg,3
/content/data/quasar/fill_quasar_331.jpg,2
/content/data/quasar/quasar_39.jpg,2
/content/data/planet/nasa_planet_701.jpg,4
/content/data/galaxy/galaxy_736.jpg,1
/content/data/galaxy/galaxy_767.jpg,1
/content/data/planet/nasa_planet_631.jpg,4
/content/data/star/star_582.jpg,0
/content/data/star/star_338.jpg,0
/content/data/star/star_534.jpg,0
/content/data/star/star_32.jpg,0
/content/data/nebula/nebula_529.jpg,3
/content/data/star/star_405.jpg,0
/content/data/galaxy/galaxy_504.jpg,1
/content/data/nebula/nebula_826.jpg,3
/content/data/planet/nasa_planet_69.jpg,4
/content/data/star/star_108.jpg,0
/content/data/star/star_163.jpg,0
/content/data/planet/nasa_planet_899.jpg,4
/content/data/star/star_475.jpg,0
/content/data/galaxy/galaxy_700.jpg,1
/content/data/nebula/fill_nebula_948.jpg,3
/content/data/nebula/nasa_nebula_119.jpg,3
/content/data/planet/nasa_planet_371.jpg,4
/content/data/star/fill_star_620.jpg,0
/content/data/nebula/nebula_771.jpg,3
/content/data/galaxy/galaxy_505.jpg,1
/content/data/galaxy/galaxy_42.jpg,1
/content/data/star/fill_star_996.jpg,0
/content/data/nebula/fill_nebula_958.jpg,3
/content/data/planet/nasa_planet_302.jpg,4
/content/data/galaxy/galaxy_186.jpg,1
/content/data/star/star_46.jpg,0
/content/data/quasar/fill_quasar_353.jpg,2
/content/data/nebula/fill_nebula_877.jpg,3
/content/data/star/star_436.jpg,0
/content/data/star/fill_star_656.jpg,0
/content/data/star/star_171.jpg,0
/content/data/star/fill_star_925.jpg,0
/content/data/planet/nasa_planet_544.jpg,4
/content/data/galaxy/galaxy_445.jpg,1
/content/data/planet/nasa_planet_159.jpg,4
/content/data/quasar/fill_quasar_621.jpg,2
/content/data/planet/nasa_planet_340.jpg,4
/content/data/star/fill_star_755.jpg,0
/content/data/planet/nasa_planet_412.jpg,4
/content/data/quasar/fill_quasar_245.jpg,2
/content/data/star/star_576.jpg,0
/content/data/planet/nasa_planet_97.jpg,4
/content/data/nebula/nasa_nebula_312.jpg,3
/content/data/galaxy/galaxy_522.jpg,1
/content/data/galaxy/galaxy_543.jpg,1
/content/data/star/fill_star_922.jpg,0
/content/data/nebula/nebula_377.jpg,3
/content/data/planet/nasa_planet_851.jpg,4
/content/data/quasar/fill_quasar_462.jpg,2
/content/data/planet/nasa_planet_989.jpg,4
/content/data/planet/nasa_planet_163.jpg,4
/content/data/galaxy/galaxy_756.jpg,1
/content/data/galaxy/galaxy_648.jpg,1
/content/data/quasar/fill_quasar_373.jpg,2
/content/data/planet/nasa_planet_419.jpg,4
/content/data/quasar/quasar_124.jpg,2
/content/data/quasar/fill_quasar_431.jpg,2
/content/data/nebula/nebula_608.jpg,3
/content/data/planet/nasa_planet_604.jpg,4
/content/data/galaxy/galaxy_742.jpg,1
/content/data/nebula/nasa_nebula_133.jpg,3
/content/data/quasar/fill_quasar_270.jpg,2
/content/data/nebula/nebula_484.jpg,3
/content/data/galaxy/galaxy_569.jpg,1
/content/data/star/fill_star_939.jpg,0
/content/data/star/fill_star_749.jpg,0
/content/data/nebula/nebula_706.jpg,3
/content/data/galaxy/galaxy_90.jpg,1
/content/data/star/fill_star_705.jpg,0
/content/data/star/fill_star_984.jpg,0
/content/data/quasar/fill_quasar_481.jpg,2
/content/data/nebula/fill_nebula_992.jpg,3
/content/data/nebula/nasa_nebula_56.jpg,3
/content/data/nebula/nebula_407.jpg,3
/content/data/galaxy/galaxy_826.jpg,1
/content/data/nebula/nebula_824.jpg,3
/content/data/nebula/nebula_651.jpg,3
/content/data/planet/nasa_planet_958.jpg,4
/content/data/nebula/fill_nebula_969.jpg,3
/content/data/nebula/nasa_nebula_7.jpg,3
/content/data/star/star_177.jpg,0
/content/data/star/star_279.jpg,0
/content/data/nebula/nasa_nebula_204.jpg,3
/content/data/quasar/fill_quasar_314.jpg,2
/content/data/star/star_67.jpg,0
/content/data/galaxy/galaxy_450.jpg,1
/content/data/planet/nasa_planet_756.jpg,4
/content/data/star/fill_star_710.jpg,0
/content/data/galaxy/galaxy_931.jpg,1
/content/data/star/star_551.jpg,0
/content/data/star/fill_star_954.jpg,0
/content/data/planet/nasa_planet_738.jpg,4
/content/data/nebula/nebula_552.jpg,3
/content/data/star/star_159.jpg,0
/content/data/galaxy/galaxy_688.jpg,1
/content/data/nebula/nebula_477.jpg,3
/content/data/galaxy/galaxy_888.jpg,1
/content/data/galaxy/galaxy_246.jpg,1
/content/data/nebula/nebula_321.jpg,3
/content/data/star/fill_star_968.jpg,0
/content/data/star/fill_star_638.jpg,0
/content/data/quasar/fill_quasar_478.jpg,2
/content/data/planet/nasa_planet_468.jpg,4
/content/data/nebula/nebula_836.jpg,3
/content/data/star/star_132.jpg,0
/content/data/quasar/quasar_57.jpg,2
/content/data/nebula/fill_nebula_896.jpg,3
/content/data/quasar/fill_quasar_532.jpg,2
/content/data/quasar/quasar_50.jpg,2
/content/data/quasar/fill_quasar_555.jpg,2
/content/data/star/fill_star_625.jpg,0
/content/data/star/star_89.jpg,0
/content/data/galaxy/galaxy_596.jpg,1
/content/data/nebula/fill_nebula_986.jpg,3
/content/data/nebula/nebula_606.jpg,3
/content/data/galaxy/galaxy_300.jpg,1
/content/data/planet/nasa_planet_319.jpg,4
/content/data/star/fill_star_909.jpg,0
/content/data/galaxy/galaxy_613.jpg,1
/content/data/nebula/nebula_337.jpg,3
/content/data/nebula/nasa_nebula_142.jpg,3
/content/data/star/fill_star_832.jpg,0
/content/data/planet/nasa_planet_938.jpg,4
/content/data/nebula/fill_nebula_970.jpg,3
/content/data/quasar/fill_quasar_290.jpg,2
/content/data/nebula/fill_nebula_908.jpg,3
/content/data/nebula/nasa_nebula_42.jpg,3
/content/data/nebula/nebula_658.jpg,3
/content/data/galaxy/galaxy_213.jpg,1
/content/data/star/fill_star_644.jpg,0
/content/data/planet/nasa_planet_268.jpg,4
/content/data/galaxy/galaxy_876.jpg,1
/content/data/planet/nasa_planet_825.jpg,4
/content/data/galaxy/galaxy_396.jpg,1
/content/data/star/star_41.jpg,0
/content/data/star/fill_star_622.jpg,0
/content/data/galaxy/galaxy_491.jpg,1
/content/data/quasar/fill_quasar_434.jpg,2
/content/data/nebula/nebula_764.jpg,3
/content/data/planet/nasa_planet_908.jpg,4
/content/data/nebula/nebula_327.jpg,3
/content/data/nebula/nebula_768.jpg,3
/content/data/planet/nasa_planet_508.jpg,4
/content/data/planet/nasa_planet_792.jpg,4
/content/data/quasar/fill_quasar_230.jpg,2
/content/data/galaxy/galaxy_820.jpg,1
/content/data/galaxy/galaxy_716.jpg,1
/content/data/star/star_131.jpg,0
/content/data/galaxy/galaxy_981.jpg,1
/content/data/planet/nasa_planet_808.jpg,4
/content/data/nebula/nebula_412.jpg,3
/content/data/quasar/fill_quasar_352.jpg,2
/content/data/quasar/quasar_102.jpg,2
/content/data/quasar/fill_quasar_368.jpg,2
/content/data/star/fill_star_890.jpg,0
/content/data/planet/nasa_planet_189.jpg,4
/content/data/planet/nasa_planet_841.jpg,4
/content/data/planet/nasa_planet_643.jpg,4
/content/data/star/fill_star_721.jpg,0
/content/data/planet/nasa_planet_390.jpg,4
/content/data/galaxy/galaxy_161.jpg,1
/content/data/star/fill_star_841.jpg,0
/content/data/galaxy/galaxy_961.jpg,1
/content/data/galaxy/galaxy_47.jpg,1
/content/data/star/star_118.jpg,0
/content/data/galaxy/galaxy_974.jpg,1
/content/data/galaxy/galaxy_929.jpg,1
/content/data/star/fill_star_640.jpg,0
/content/data/planet/nasa_planet_735.jpg,4
/content/data/star/star_524.jpg,0
/content/data/quasar/fill_quasar_552.jpg,2
/content/data/galaxy/galaxy_405.jpg,1
/content/data/star/star_335.jpg,0
/content/data/nebula/nasa_nebula_306.jpg,3
/content/data/star/fill_star_937.jpg,0
/content/data/galaxy/galaxy_976.jpg,1
/content/data/star/fill_star_792.jpg,0
/content/data/star/star_113.jpg,0
/content/data/nebula/nebula_333.jpg,3
/content/data/quasar/fill_quasar_285.jpg,2
/content/data/star/star_334.jpg,0
/content/data/galaxy/galaxy_254.jpg,1
/content/data/nebula/nasa_nebula_65.jpg,3
/content/data/star/fill_star_695.jpg,0
/content/data/nebula/fill_nebula_978.jpg,3
/content/data/galaxy/galaxy_785.jpg,1
/content/data/quasar/quasar_23.jpg,2
/content/data/nebula/nebula_393.jpg,3
/content/data/planet/nasa_planet_373.jpg,4
/content/data/galaxy/galaxy_306.jpg,1
/content/data/nebula/nebula_593.jpg,3
/content/data/star/fill_star_897.jpg,0
/content/data/quasar/fill_quasar_360.jpg,2
/content/data/galaxy/galaxy_949.jpg,1
/content/data/star/fill_star_661.jpg,0
/content/data/quasar/quasar_118.jpg,2
/content/data/nebula/nebula_489.jpg,3
/content/data/quasar/fill_quasar_320.jpg,2
/content/data/quasar/fill_quasar_595.jpg,2
/content/data/nebula/nasa_nebula_58.jpg,3
/content/data/nebula/nasa_nebula_36.jpg,3
/content/data/nebula/fill_nebula_956.jpg,3
/content/data/planet/nasa_planet_665.jpg,4
/content/data/quasar/fill_quasar_610.jpg,2
/content/data/planet/nasa_planet_619.jpg,4
/content/data/nebula/fill_nebula_937.jpg,3
/content/data/planet/nasa_planet_930.jpg,4
/content/data/nebula/nebula_471.jpg,3
/content/data/star/star_225.jpg,0
/content/data/planet/nasa_planet_979.jpg,4
/content/data/nebula/nebula_331.jpg,3
/content/data/star/star_589.jpg,0
/content/data/quasar/fill_quasar_361.jpg,2
/content/data/star/fill_star_715.jpg,0
/content/data/nebula/nasa_nebula_174.jpg,3
/content/data/star/fill_star_904.jpg,0
/content/data/nebula/nebula_844.jpg,3
/content/data/galaxy/galaxy_750.jpg,1
/content/data/planet/nasa_planet_950.jpg,4
/content/data/quasar/fill_quasar_228.jpg,2
/content/data/planet/nasa_planet_315.jpg,4
/content/data/planet/nasa_planet_77.jpg,4
/content/data/nebula/nasa_nebula_276.jpg,3
/content/data/star/fill_star_720.jpg,0
/content/data/nebula/nasa_nebula_277.jpg,3
/content/data/star/star_49.jpg,0
/content/data/galaxy/galaxy_332.jpg,1
/content/data/nebula/nasa_nebula_79.jpg,3
/content/data/planet/nasa_planet_817.jpg,4
/content/data/nebula/nasa_nebula_84.jpg,3
/content/data/star/fill_star_986.jpg,0
/content/data/quasar/fill_quasar_188.jpg,2
/content/data/quasar/fill_quasar_422.jpg,2
/content/data/nebula/fill_nebula_981.jpg,3
/content/data/star/star_410.jpg,0
/content/data/quasar/quasar_109.jpg,2
/content/data/planet/nasa_planet_993.jpg,4
/content/data/planet/nasa_planet_187.jpg,4
/content/data/star/star_511.jpg,0
/content/data/galaxy/galaxy_731.jpg,1
/content/data/planet/nasa_planet_486.jpg,4
/content/data/planet/nasa_planet_101.jpg,4
/content/data/quasar/fill_quasar_365.jpg,2
/content/data/galaxy/galaxy_104.jpg,1
/content/data/planet/nasa_planet_300.jpg,4
/content/data/nebula/fill_nebula_927.jpg,3
/content/data/galaxy/galaxy_571.jpg,1
/content/data/planet/nasa_planet_727.jpg,4
/content/data/galaxy/galaxy_342.jpg,1
/content/data/star/star_430.jpg,0
/content/data/galaxy/nasa_galaxy_3.jpg,1
/content/data/planet/nasa_planet_997.jpg,4
/content/data/nebula/nebula_833.jpg,3
/content/data/galaxy/galaxy_408.jpg,1
/content/data/star/star_324.jpg,0
/content/data/quasar/fill_quasar_304.jpg,2
/content/data/planet/nasa_planet_154.jpg,4
/content/data/star/fill_star_795.jpg,0
/content/data/nebula/nebula_757.jpg,3
/content/data/star/star_59.jpg,0
/content/data/galaxy/galaxy_227.jpg,1
/content/data/star/star_179.jpg,0
/content/data/galaxy/galaxy_754.jpg,1
/content/data/planet/nasa_planet_796.jpg,4
/content/data/nebula/fill_nebula_960.jpg,3
/content/data/nebula/nebula_735.jpg,3
/content/data/quasar/fill_quasar_451.jpg,2
/content/data/planet/nasa_planet_634.jpg,4
/content/data/nebula/nebula_728.jpg,3
/content/data/quasar/quasar_125.jpg,2
/content/data/galaxy/galaxy_892.jpg,1
/content/data/galaxy/galaxy_766.jpg,1
/content/data/galaxy/galaxy_96.jpg,1
/content/data/quasar/fill_quasar_582.jpg,2
/content/data/galaxy/galaxy_526.jpg,1
/content/data/nebula/nasa_nebula_92.jpg,3
/content/data/quasar/fill_quasar_518.jpg,2
/content/data/quasar/fill_quasar_200.jpg,2
/content/data/nebula/nasa_nebula_91.jpg,3
/content/data/quasar/fill_quasar_417.jpg,2
/content/data/nebula/nebula_812.jpg,3
/content/data/star/fill_star_784.jpg,0
/content/data/nebula/nebula_565.jpg,3
/content/data/planet/nasa_planet_91.jpg,4
/content/data/planet/nasa_planet_75.jpg,4
/content/data/planet/nasa_planet_987.jpg,4
/content/data/star/star_443.jpg,0
/content/data/quasar/fill_quasar_161.jpg,2
/content/data/star/star_543.jpg,0
/content/data/star/star_356.jpg,0
/content/data/nebula/fill_nebula_878.jpg,3
/content/data/galaxy/galaxy_904.jpg,1
/content/data/nebula/nasa_nebula_3.jpg,3
/content/data/galaxy/galaxy_762.jpg,1
/content/data/nebula/nasa_nebula_232.jpg,3
/content/data/galaxy/galaxy_570.jpg,1
/content/data/quasar/quasar_68.jpg,2
/content/data/galaxy/galaxy_667.jpg,1
/content/data/planet/nasa_planet_87.jpg,4
/content/data/galaxy/galaxy_53.jpg,1
/content/data/star/fill_star_927.jpg,0
/content/data/star/fill_star_981.jpg,0
/content/data/nebula/fill_nebula_911.jpg,3
/content/data/planet/nasa_planet_857.jpg,4
/content/data/planet/nasa_planet_812.jpg,4
/content/data/nebula/nebula_355.jpg,3
/content/data/planet/nasa_planet_621.jpg,4
/content/data/star/star_58.jpg,0
/content/data/planet/nasa_planet_92.jpg,4
/content/data/nebula/nebula_382.jpg,3
/content/data/nebula/nasa_nebula_199.jpg,3
/content/data/galaxy/galaxy_101.jpg,1
/content/data/galaxy/galaxy_618.jpg,1
/content/data/galaxy/galaxy_528.jpg,1
/content/data/nebula/nasa_nebula_88.jpg,3
/content/data/nebula/nebula_610.jpg,3
/content/data/nebula/nasa_nebula_237.jpg,3
/content/data/galaxy/galaxy_963.jpg,1
/content/data/galaxy/galaxy_945.jpg,1
/content/data/star/star_88.jpg,0
/content/data/star/star_90.jpg,0
/content/data/star/fill_star_938.jpg,0
/content/data/nebula/nebula_518.jpg,3
/content/data/planet/nasa_planet_47.jpg,4
/content/data/quasar/fill_quasar_574.jpg,2
/content/data/planet/nasa_planet_136.jpg,4
/content/data/planet/nasa_planet_467.jpg,4
/content/data/star/star_20.jpg,0
/content/data/quasar/fill_quasar_507.jpg,2
/content/data/galaxy/galaxy_452.jpg,1
/content/data/quasar/fill_quasar_350.jpg,2
/content/data/planet/nasa_planet_688.jpg,4
/content/data/nebula/nebula_798.jpg,3
/content/data/star/star_187.jpg,0
/content/data/star/fill_star_791.jpg,0
/content/data/nebula/nebula_592.jpg,3
/content/data/quasar/fill_quasar_147.jpg,2
/content/data/galaxy/galaxy_517.jpg,1
/content/data/nebula/fill_nebula_987.jpg,3
/content/data/nebula/nasa_nebula_146.jpg,3
/content/data/star/star_290.jpg,0
/content/data/galaxy/galaxy_221.jpg,1
/content/data/nebula/nebula_602.jpg,3
/content/data/galaxy/galaxy_510.jpg,1
/content/data/star/star_512.jpg,0
/content/data/nebula/nasa_nebula_51.jpg,3
/content/data/nebula/nebula_665.jpg,3
/content/data/galaxy/galaxy_322.jpg,1
/content/data/star/fill_star_675.jpg,0
/content/data/planet/nasa_planet_131.jpg,4
/content/data/nebula/nebula_611.jpg,3
/content/data/star/fill_star_700.jpg,0
/content/data/nebula/nebula_754.jpg,3
/content/data/galaxy/galaxy_751.jpg,1
/content/data/planet/nasa_planet_836.jpg,4
/content/data/nebula/nebula_417.jpg,3
/content/data/nebula/nebula_623.jpg,3
/content/data/star/star_54.jpg,0
/content/data/star/star_82.jpg,0
/content/data/star/star_322.jpg,0
/content/data/star/fill_star_756.jpg,0
/content/data/galaxy/galaxy_138.jpg,1
/content/data/nebula/nebula_766.jpg,3
/content/data/nebula/nasa_nebula_120.jpg,3
/content/data/nebula/nebula_339.jpg,3
/content/data/galaxy/galaxy_849.jpg,1
/content/data/planet/nasa_planet_14.jpg,4
/content/data/nebula/nasa_nebula_85.jpg,3
/content/data/nebula/nebula_765.jpg,3
/content/data/planet/nasa_planet_404.jpg,4
/content/data/quasar/fill_quasar_260.jpg,2
/content/data/galaxy/galaxy_634.jpg,1
/content/data/nebula/fill_nebula_976.jpg,3
/content/data/nebula/nebula_420.jpg,3
/content/data/planet/nasa_planet_638.jpg,4
/content/data/nebula/nasa_nebula_150.jpg,3
/content/data/star/star_37.jpg,0
/content/data/galaxy/galaxy_442.jpg,1
/content/data/nebula/nebula_635.jpg,3
/content/data/star/star_490.jpg,0
/content/data/star/fill_star_843.jpg,0
/content/data/nebula/nasa_nebula_126.jpg,3
/content/data/quasar/fill_quasar_526.jpg,2
/content/data/nebula/nasa_nebula_282.jpg,3
/content/data/planet/nasa_planet_134.jpg,4
/content/data/star/fill_star_940.jpg,0
/content/data/nebula/nebula_776.jpg,3
/content/data/star/fill_star_631.jpg,0
/content/data/nebula/nebula_574.jpg,3
/content/data/star/fill_star_616.jpg,0
/content/data/galaxy/galaxy_481.jpg,1
/content/data/star/star_226.jpg,0
/content/data/star/fill_star_901.jpg,0
/content/data/planet/nasa_planet_880.jpg,4
/content/data/nebula/nasa_nebula_41.jpg,3
/content/data/nebula/nasa_nebula_32.jpg,3
/content/data/planet/nasa_planet_490.jpg,4
/content/data/galaxy/galaxy_916.jpg,1
/content/data/galaxy/galaxy_288.jpg,1
/content/data/star/star_79.jpg,0
/content/data/planet/nasa_planet_167.jpg,4
/content/data/nebula/fill_nebula_930.jpg,3
/content/data/nebula/nebula_740.jpg,3
/content/data/nebula/nasa_nebula_68.jpg,3
/content/data/galaxy/galaxy_412.jpg,1
/content/data/planet/nasa_planet_749.jpg,4
/content/data/quasar/quasar_19.jpg,2
/content/data/galaxy/galaxy_546.jpg,1
/content/data/star/fill_star_732.jpg,0
/content/data/nebula/nasa_nebula_175.jpg,3
/content/data/planet/nasa_planet_395.jpg,4
/content/data/galaxy/galaxy_723.jpg,1
/content/data/quasar/fill_quasar_444.jpg,2
/content/data/star/star_276.jpg,0
/content/data/galaxy/galaxy_925.jpg,1
/content/data/star/fill_star_809.jpg,0
/content/data/galaxy/galaxy_232.jpg,1
/content/data/star/fill_star_736.jpg,0
/content/data/planet/nasa_planet_437.jpg,4
/content/data/galaxy/galaxy_873.jpg,1
/content/data/star/star_125.jpg,0
/content/data/star/star_537.jpg,0
/content/data/nebula/nasa_nebula_216.jpg,3
/content/data/planet/nasa_planet_81.jpg,4
/content/data/quasar/fill_quasar_401.jpg,2
/content/data/star/fill_star_667.jpg,0
/content/data/star/star_148.jpg,0
/content/data/galaxy/galaxy_260.jpg,1
/content/data/galaxy/galaxy_454.jpg,1
/content/data/star/star_181.jpg,0
/content/data/planet/nasa_planet_852.jpg,4
/content/data/quasar/fill_quasar_433.jpg,2
/content/data/quasar/quasar_116.jpg,2
/content/data/planet/nasa_planet_746.jpg,4
/content/data/quasar/fill_quasar_586.jpg,2
/content/data/planet/nasa_planet_8.jpg,4
/content/data/star/fill_star_946.jpg,0
/content/data/star/star_494.jpg,0
/content/data/star/fill_star_808.jpg,0
/content/data/nebula/nasa_nebula_12.jpg,3
/content/data/star/fill_star_778.jpg,0
/content/data/star/star_155.jpg,0
/content/data/quasar/fill_quasar_259.jpg,2
/content/data/star/star_395.jpg,0
/content/data/galaxy/galaxy_695.jpg,1
/content/data/galaxy/galaxy_82.jpg,1
/content/data/planet/nasa_planet_995.jpg,4
/content/data/quasar/fill_quasar_169.jpg,2
/content/data/quasar/fill_quasar_336.jpg,2
/content/data/planet/nasa_planet_447.jpg,4
/content/data/galaxy/galaxy_136.jpg,1
/content/data/galaxy/galaxy_881.jpg,1
/content/data/galaxy/galaxy_912.jpg,1
/content/data/star/star_427.jpg,0
/content/data/nebula/fill_nebula_880.jpg,3
/content/data/galaxy/galaxy_249.jpg,1
/content/data/galaxy/galaxy_619.jpg,1
/content/data/star/star_328.jpg,0
/content/data/star/star_168.jpg,0
/content/data/planet/nasa_planet_562.jpg,4
/content/data/star/fill_star_790.jpg,0
/content/data/nebula/nebula_330.jpg,3
/content/data/quasar/fill_quasar_271.jpg,2
/content/data/nebula/nebula_683.jpg,3
/content/data/nebula/nebula_502.jpg,3
/content/data/galaxy/galaxy_248.jpg,1
/content/data/planet/nasa_planet_138.jpg,4
/content/data/star/fill_star_871.jpg,0
/content/data/star/star_110.jpg,0
/content/data/galaxy/galaxy_464.jpg,1
/content/data/galaxy/galaxy_830.jpg,1
/content/data/star/star_513.jpg,0
/content/data/planet/nasa_planet_591.jpg,4
/content/data/galaxy/galaxy_183.jpg,1
/content/data/star/fill_star_796.jpg,0
/content/data/planet/nasa_planet_247.jpg,4
/content/data/star/fill_star_757.jpg,0
/content/data/planet/nasa_planet_577.jpg,4
/content/data/nebula/nebula_473.jpg,3
/content/data/nebula/nasa_nebula_235.jpg,3
/content/data/galaxy/galaxy_883.jpg,1
/content/data/galaxy/galaxy_492.jpg,1
/content/data/star/fill_star_674.jpg,0
/content/data/nebula/nasa_nebula_99.jpg,3
/content/data/nebula/nebula_456.jpg,3
/content/data/planet/nasa_planet_238.jpg,4
/content/data/quasar/quasar_127.jpg,2
/content/data/galaxy/galaxy_810.jpg,1
/content/data/galaxy/galaxy_568.jpg,1
/content/data/galaxy/galaxy_175.jpg,1
/content/data/star/star_167.jpg,0
/content/data/quasar/fill_quasar_380.jpg,2
/content/data/quasar/fill_quasar_312.jpg,2
/content/data/quasar/fill_quasar_496.jpg,2
/content/data/star/star_69.jpg,0
/content/data/planet/nasa_planet_15.jpg,4
/content/data/nebula/nasa_nebula_211.jpg,3
/content/data/planet/nasa_planet_356.jpg,4
/content/data/quasar/fill_quasar_334.jpg,2
/content/data/galaxy/galaxy_847.jpg,1
/content/data/planet/nasa_planet_50.jpg,4
/content/data/star/fill_star_770.jpg,0
/content/data/planet/nasa_planet_411.jpg,4
/content/data/galaxy/galaxy_487.jpg,1
/content/data/quasar/fill_quasar_587.jpg,2
/content/data/quasar/fill_quasar_503.jpg,2
/content/data/star/star_197.jpg,0
/content/data/planet/nasa_planet_297.jpg,4
/content/data/star/star_532.jpg,0
/content/data/nebula/nasa_nebula_70.jpg,3
/content/data/galaxy/galaxy_630.jpg,1
/content/data/planet/nasa_planet_814.jpg,4
/content/data/galaxy/galaxy_151.jpg,1
/content/data/star/star_288.jpg,0
/content/data/nebula/nebula_431.jpg,3
/content/data/planet/nasa_planet_572.jpg,4
/content/data/planet/nasa_planet_782.jpg,4
/content/data/planet/nasa_planet_243.jpg,4
/content/data/planet/nasa_planet_831.jpg,4
/content/data/planet/nasa_planet_965.jpg,4
/content/data/galaxy/galaxy_45.jpg,1
/content/data/nebula/nebula_820.jpg,3
/content/data/nebula/fill_nebula_881.jpg,3
/content/data/star/fill_star_975.jpg,0
/content/data/quasar/fill_quasar_308.jpg,2
/content/data/planet/nasa_planet_143.jpg,4
/content/data/planet/nasa_planet_316.jpg,4
/content/data/star/fill_star_982.jpg,0
/content/data/planet/nasa_planet_352.jpg,4
/content/data/nebula/nebula_841.jpg,3
/content/data/star/star_270.jpg,0
/content/data/galaxy/galaxy_511.jpg,1
/content/data/nebula/nebula_524.jpg,3
/content/data/planet/nasa_planet_579.jpg,4
/content/data/nebula/nebula_564.jpg,3
/content/data/galaxy/galaxy_857.jpg,1
/content/data/planet/nasa_planet_990.jpg,4
/content/data/star/star_413.jpg,0
/content/data/galaxy/galaxy_70.jpg,1
/content/data/quasar/quasar_15.jpg,2
/content/data/quasar/fill_quasar_369.jpg,2
/content/data/quasar/quasar_66.jpg,2
/content/data/galaxy/galaxy_999.jpg,1
/content/data/planet/nasa_planet_16.jpg,4
/content/data/star/star_241.jpg,0
/content/data/planet/nasa_planet_601.jpg,4
/content/data/planet/nasa_planet_339.jpg,4
/content/data/star/star_210.jpg,0
/content/data/galaxy/galaxy_110.jpg,1
/content/data/planet/nasa_planet_292.jpg,4
/content/data/quasar/fill_quasar_364.jpg,2
/content/data/quasar/fill_quasar_629.jpg,2
/content/data/nebula/nebula_372.jpg,3
/content/data/quasar/fill_quasar_413.jpg,2
/content/data/nebula/nebula_376.jpg,3
/content/data/planet/nasa_planet_803.jpg,4
/content/data/nebula/nebula_746.jpg,3
/content/data/planet/nasa_planet_31.jpg,4
/content/data/star/star_268.jpg,0
/content/data/nebula/nebula_807.jpg,3
/content/data/galaxy/galaxy_911.jpg,1
/content/data/quasar/fill_quasar_382.jpg,2
/content/data/galaxy/galaxy_926.jpg,1
/content/data/nebula/fill_nebula_914.jpg,3
/content/data/quasar/fill_quasar_214.jpg,2
/content/data/nebula/nebula_839.jpg,3
/content/data/galaxy/galaxy_544.jpg,1
/content/data/planet/nasa_planet_798.jpg,4
/content/data/quasar/fill_quasar_474.jpg,2
/content/data/quasar/fill_quasar_199.jpg,2
/content/data/galaxy/galaxy_577.jpg,1
/content/data/planet/nasa_planet_558.jpg,4
/content/data/quasar/fill_quasar_342.jpg,2
/content/data/star/fill_star_896.jpg,0
/content/data/nebula/fill_nebula_964.jpg,3
/content/data/galaxy/galaxy_218.jpg,1
/content/data/nebula/nebula_797.jpg,3
/content/data/nebula/nebula_709.jpg,3
/content/data/galaxy/galaxy_982.jpg,1
/content/data/planet/nasa_planet_718.jpg,4
/content/data/star/star_403.jpg,0
/content/data/planet/nasa_planet_262.jpg,4
/content/data/nebula/nebula_617.jpg,3
/content/data/planet/nasa_planet_430.jpg,4
/content/data/nebula/nebula_815.jpg,3
/content/data/galaxy/galaxy_907.jpg,1
/content/data/galaxy/galaxy_50.jpg,1
/content/data/quasar/fill_quasar_207.jpg,2
/content/data/quasar/fill_quasar_275.jpg,2
/content/data/planet/nasa_planet_905.jpg,4
/content/data/star/fill_star_955.jpg,0
/content/data/galaxy/galaxy_708.jpg,1
/content/data/nebula/nasa_nebula_155.jpg,3
/content/data/planet/nasa_planet_355.jpg,4
/content/data/quasar/quasar_28.jpg,2
/content/data/galaxy/galaxy_431.jpg,1
/content/data/galaxy/galaxy_506.jpg,1
/content/data/nebula/nasa_nebula_287.jpg,3
/content/data/galaxy/galaxy_124.jpg,1
/content/data/planet/nasa_planet_258.jpg,4
/content/data/galaxy/galaxy_629.jpg,1
/content/data/galaxy/galaxy_969.jpg,1
/content/data/star/star_593.jpg,0
/content/data/planet/nasa_planet_882.jpg,4
/content/data/star/fill_star_866.jpg,0
/content/data/nebula/nebula_539.jpg,3
/content/data/nebula/fill_nebula_905.jpg,3
/content/data/star/fill_star_688.jpg,0
/content/data/planet/nasa_planet_895.jpg,4
/content/data/star/star_398.jpg,0
/content/data/planet/nasa_planet_919.jpg,4
/content/data/star/fill_star_624.jpg,0
/content/data/galaxy/galaxy_617.jpg,1
/content/data/galaxy/galaxy_137.jpg,1
/content/data/nebula/nasa_nebula_227.jpg,3
/content/data/star/fill_star_636.jpg,0
/content/data/quasar/fill_quasar_531.jpg,2
/content/data/nebula/nasa_nebula_55.jpg,3
/content/data/planet/nasa_planet_245.jpg,4
/content/data/planet/nasa_planet_633.jpg,4
/content/data/nebula/fill_nebula_924.jpg,3
/content/data/quasar/fill_quasar_491.jpg,2
/content/data/planet/nasa_planet_514.jpg,4
/content/data/nebula/nebula_329.jpg,3
/content/data/galaxy/galaxy_529.jpg,1
/content/data/galaxy/galaxy_448.jpg,1
/content/data/nebula/nebula_541.jpg,3
/content/data/quasar/fill_quasar_328.jpg,2
/content/data/planet/nasa_planet_775.jpg,4
/content/data/planet/nasa_planet_655.jpg,4
/content/data/planet/nasa_planet_999.jpg,4
/content/data/star/fill_star_738.jpg,0
/content/data/quasar/fill_quasar_418.jpg,2
/content/data/galaxy/galaxy_540.jpg,1
/content/data/planet/nasa_planet_786.jpg,4
/content/data/galaxy/galaxy_79.jpg,1
/content/data/nebula/nebula_512.jpg,3
/content/data/quasar/fill_quasar_170.jpg,2
/content/data/quasar/fill_quasar_592.jpg,2
/content/data/galaxy/galaxy_977.jpg,1
/content/data/galaxy/galaxy_116.jpg,1
/content/data/galaxy/galaxy_236.jpg,1
/content/data/star/nasa_star_5.jpg,0
/content/data/galaxy/galaxy_650.jpg,1
/content/data/star/star_337.jpg,0
/content/data/quasar/fill_quasar_262.jpg,2
/content/data/quasar/fill_quasar_144.jpg,2
/content/data/nebula/nasa_nebula_156.jpg,3
/content/data/quasar/fill_quasar_590.jpg,2
/content/data/star/star_550.jpg,0
/content/data/galaxy/galaxy_755.jpg,1
/content/data/star/star_280.jpg,0
/content/data/star/fill_star_783.jpg,0
/content/data/star/star_555.jpg,0
/content/data/galaxy/galaxy_215.jpg,1
/content/data/planet/nasa_planet_226.jpg,4
/content/data/galaxy/galaxy_37.jpg,1
/content/data/nebula/nebula_800.jpg,3
/content/data/star/fill_star_655.jpg,0
/content/data/quasar/fill_quasar_399.jpg,2
/content/data/galaxy/galaxy_983.jpg,1
/content/data/planet/nasa_planet_331.jpg,4
/content/data/star/star_50.jpg,0
/content/data/galaxy/galaxy_860.jpg,1
/content/data/quasar/fill_quasar_307.jpg,2
/content/data/quasar/fill_quasar_479.jpg,2
/content/data/planet/nasa_planet_563.jpg,4
/content/data/quasar/fill_quasar_296.jpg,2
/content/data/nebula/nasa_nebula_81.jpg,3
/content/data/star/fill_star_614.jpg,0
/content/data/galaxy/galaxy_850.jpg,1
/content/data/quasar/fill_quasar_395.jpg,2
/content/data/planet/nasa_planet_753.jpg,4
/content/data/star/star_244.jpg,0
/content/data/star/star_579.jpg,0
/content/data/nebula/nasa_nebula_164.jpg,3
/content/data/galaxy/galaxy_354.jpg,1
/content/data/nebula/nasa_nebula_147.jpg,3
/content/data/nebula/nebula_535.jpg,3
/content/data/quasar/fill_quasar_291.jpg,2
/content/data/planet/nasa_planet_394.jpg,4
/content/data/planet/nasa_planet_86.jpg,4
/content/data/star/star_207.jpg,0
/content/data/galaxy/galaxy_698.jpg,1
/content/data/galaxy/galaxy_140.jpg,1
/content/data/galaxy/galaxy_609.jpg,1
/content/data/star/fill_star_768.jpg,0
/content/data/galaxy/galaxy_975.jpg,1
/content/data/star/star_7.jpg,0
/content/data/nebula/nebula_697.jpg,3
/content/data/star/fill_star_945.jpg,0
/content/data/nebula/nebula_648.jpg,3
/content/data/nebula/nasa_nebula_208.jpg,3
/content/data/galaxy/galaxy_172.jpg,1
/content/data/nebula/nasa_nebula_238.jpg,3
/content/data/galaxy/galaxy_51.jpg,1
/content/data/nebula/nebula_587.jpg,3
/content/data/quasar/quasar_112.jpg,2
/content/data/planet/nasa_planet_332.jpg,4
/content/data/planet/nasa_planet_485.jpg,4
/content/data/star/star_133.jpg,0
/content/data/galaxy/galaxy_677.jpg,1
/content/data/nebula/nebula_714.jpg,3
/content/data/galaxy/galaxy_902.jpg,1
/content/data/planet/nasa_planet_384.jpg,4
/content/data/star/star_299.jpg,0
/content/data/galaxy/galaxy_440.jpg,1
/content/data/star/star_341.jpg,0
/content/data/quasar/fill_quasar_201.jpg,2
/content/data/quasar/fill_quasar_521.jpg,2
/content/data/planet/nasa_planet_695.jpg,4
/content/data/galaxy/galaxy_400.jpg,1
/content/data/nebula/nebula_591.jpg,3
/content/data/planet/nasa_planet_951.jpg,4
/content/data/planet/nasa_planet_516.jpg,4
/content/data/planet/nasa_planet_512.jpg,4
/content/data/star/star_530.jpg,0
/content/data/quasar/fill_quasar_584.jpg,2
/content/data/planet/nasa_planet_478.jpg,4
/content/data/star/star_592.jpg,0
/content/data/galaxy/galaxy_285.jpg,1
/content/data/star/fill_star_863.jpg,0
/content/data/planet/nasa_planet_662.jpg,4
/content/data/galaxy/galaxy_195.jpg,1
/content/data/star/fill_star_965.jpg,0
/content/data/star/star_602.jpg,0
/content/data/star/star_444.jpg,0
/content/data/star/fill_star_744.jpg,0
/content/data/nebula/nebula_478.jpg,3
/content/data/planet/nasa_planet_219.jpg,4
/content/data/quasar/fill_quasar_452.jpg,2
/content/data/galaxy/galaxy_880.jpg,1
/content/data/planet/nasa_planet_255.jpg,4
/content/data/planet/nasa_planet_215.jpg,4
/content/data/quasar/fill_quasar_407.jpg,2
/content/data/nebula/nebula_409.jpg,3
/content/data/star/star_528.jpg,0
/content/data/nebula/fill_nebula_940.jpg,3
/content/data/galaxy/galaxy_240.jpg,1
/content/data/star/fill_star_805.jpg,0
/content/data/planet/nasa_planet_966.jpg,4
/content/data/star/fill_star_844.jpg,0
/content/data/galaxy/galaxy_953.jpg,1
/content/data/galaxy/galaxy_670.jpg,1
/content/data/star/star_533.jpg,0
/content/data/planet/nasa_planet_517.jpg,4
/content/data/nebula/nasa_nebula_127.jpg,3
/content/data/nebula/nebula_659.jpg,3
/content/data/nebula/nebula_419.jpg,3
/content/data/galaxy/galaxy_381.jpg,1
/content/data/galaxy/galaxy_437.jpg,1
/content/data/star/star_256.jpg,0
/content/data/planet/nasa_planet_397.jpg,4
/content/data/nebula/nasa_nebula_148.jpg,3
/content/data/galaxy/galaxy_970.jpg,1
/content/data/galaxy/galaxy_62.jpg,1
/content/data/star/star_442.jpg,0
/content/data/star/fill_star_773.jpg,0
/content/data/galaxy/galaxy_131.jpg,1
/content/data/quasar/fill_quasar_435.jpg,2
/content/data/nebula/nasa_nebula_0.jpg,3
/content/data/star/star_333.jpg,0
/content/data/galaxy/galaxy_362.jpg,1
/content/data/star/star_191.jpg,0
/content/data/galaxy/galaxy_535.jpg,1
/content/data/nebula/nebula_434.jpg,3
/content/data/nebula/nebula_619.jpg,3
/content/data/planet/nasa_planet_939.jpg,4
/content/data/galaxy/galaxy_296.jpg,1
/content/data/star/star_434.jpg,0
/content/data/planet/nasa_planet_401.jpg,4
/content/data/quasar/quasar_107.jpg,2
/content/data/quasar/fill_quasar_581.jpg,2
/content/data/star/fill_star_936.jpg,0
/content/data/planet/nasa_planet_309.jpg,4
/content/data/star/star_164.jpg,0
/content/data/nebula/fill_nebula_974.jpg,3
/content/data/galaxy/galaxy_308.jpg,1
/content/data/star/fill_star_865.jpg,0
/content/data/nebula/nebula_509.jpg,3
/content/data/quasar/fill_quasar_605.jpg,2
/content/data/planet/nasa_planet_217.jpg,4
/content/data/planet/nasa_planet_235.jpg,4
/content/data/star/star_229.jpg,0
/content/data/nebula/nebula_422.jpg,3
/content/data/planet/nasa_planet_65.jpg,4
/content/data/star/star_189.jpg,0
/content/data/galaxy/galaxy_328.jpg,1
/content/data/star/star_120.jpg,0
/content/data/galaxy/galaxy_886.jpg,1
/content/data/nebula/nasa_nebula_108.jpg,3
/content/data/star/star_361.jpg,0
/content/data/star/fill_star_929.jpg,0
/content/data/star/star_193.jpg,0
/content/data/star/fill_star_735.jpg,0
/content/data/galaxy/galaxy_829.jpg,1
/content/data/nebula/nebula_701.jpg,3
/content/data/quasar/quasar_69.jpg,2
/content/data/nebula/nebula_397.jpg,3
/content/data/galaxy/galaxy_979.jpg,1
/content/data/nebula/nasa_nebula_35.jpg,3
/content/data/nebula/nebula_497.jpg,3
/content/data/planet/nasa_planet_961.jpg,4
/content/data/galaxy/galaxy_129.jpg,1
/content/data/nebula/nasa_nebula_39.jpg,3
/content/data/star/nasa_star_3.jpg,0
/content/data/star/fill_star_741.jpg,0
/content/data/nebula/nebula_596.jpg,3
/content/data/planet/nasa_planet_386.jpg,4
/content/data/galaxy/galaxy_133.jpg,1
/content/data/nebula/nasa_nebula_17.jpg,3
/content/data/planet/nasa_planet_296.jpg,4
/content/data/nebula/nebula_710.jpg,3
/content/data/star/fill_star_704.jpg,0
/content/data/quasar/quasar_6.jpg,2
/content/data/nebula/nebula_782.jpg,3
/content/data/quasar/fill_quasar_195.jpg,2
/content/data/galaxy/galaxy_938.jpg,1
/content/data/galaxy/galaxy_105.jpg,1
/content/data/quasar/fill_quasar_222.jpg,2
/content/data/planet/nasa_planet_892.jpg,4
/content/data/nebula/nebula_719.jpg,3
/content/data/quasar/quasar_75.jpg,2
/content/data/nebula/fill_nebula_943.jpg,3
/content/data/planet/nasa_planet_458.jpg,4
/content/data/nebula/nasa_nebula_21.jpg,3
/content/data/quasar/fill_quasar_615.jpg,2
/content/data/planet/nasa_planet_731.jpg,4
/content/data/galaxy/galaxy_383.jpg,1
/content/data/planet/nasa_planet_505.jpg,4
/content/data/nebula/nebula_495.jpg,3
/content/data/nebula/nasa_nebula_223.jpg,3
/content/data/star/fill_star_858.jpg,0
/content/data/planet/nasa_planet_897.jpg,4
/content/data/quasar/fill_quasar_470.jpg,2
/content/data/planet/nasa_planet_827.jpg,4
/content/data/planet/nasa_planet_759.jpg,4
/content/data/quasar/fill_quasar_628.jpg,2
/content/data/galaxy/galaxy_268.jpg,1
/content/data/planet/nasa_planet_526.jpg,4
/content/data/planet/nasa_planet_611.jpg,4
/content/data/star/fill_star_971.jpg,0
/content/data/star/fill_star_862.jpg,0
/content/data/star/star_390.jpg,0
/content/data/galaxy/galaxy_936.jpg,1
/content/data/quasar/fill_quasar_156.jpg,2
/content/data/star/star_293.jpg,0
/content/data/planet/nasa_planet_443.jpg,4
/content/data/nebula/nasa_nebula_188.jpg,3
/content/data/galaxy/galaxy_71.jpg,1
/content/data/star/star_506.jpg,0
/content/data/galaxy/galaxy_485.jpg,1
/content/data/quasar/fill_quasar_427.jpg,2
/content/data/quasar/fill_quasar_560.jpg,2
/content/data/planet/nasa_planet_679.jpg,4
/content/data/quasar/fill_quasar_253.jpg,2
/content/data/planet/nasa_planet_609.jpg,4
/content/data/nebula/nebula_733.jpg,3
/content/data/nebula/nebula_369.jpg,3
/content/data/galaxy/galaxy_828.jpg,1
/content/data/quasar/quasar_94.jpg,2
/content/data/planet/nasa_planet_427.jpg,4
/content/data/galaxy/galaxy_386.jpg,1
/content/data/star/star_353.jpg,0
/content/data/galaxy/galaxy_806.jpg,1
/content/data/star/fill_star_887.jpg,0
/content/data/planet/nasa_planet_199.jpg,4
/content/data/planet/nasa_planet_737.jpg,4
/content/data/star/fill_star_651.jpg,0
/content/data/galaxy/galaxy_819.jpg,1
/content/data/star/fill_star_708.jpg,0
/content/data/galaxy/galaxy_500.jpg,1
/content/data/galaxy/galaxy_211.jpg,1
/content/data/star/star_78.jpg,0
/content/data/nebula/nasa_nebula_83.jpg,3
/content/data/quasar/fill_quasar_238.jpg,2
/content/data/star/fill_star_763.jpg,0
/content/data/nebula/nebula_616.jpg,3
/content/data/star/star_522.jpg,0
/content/data/planet/nasa_planet_241.jpg,4
/content/data/star/fill_star_959.jpg,0
/content/data/planet/nasa_planet_246.jpg,4
/content/data/nebula/nebula_405.jpg,3
/content/data/quasar/fill_quasar_386.jpg,2
/content/data/star/star_429.jpg,0
/content/data/planet/nasa_planet_55.jpg,4
/content/data/nebula/nasa_nebula_152.jpg,3
/content/data/star/star_214.jpg,0
/content/data/planet/nasa_planet_996.jpg,4
/content/data/planet/nasa_planet_813.jpg,4
/content/data/planet/nasa_planet_589.jpg,4
/content/data/planet/nasa_planet_307.jpg,4
/content/data/star/star_408.jpg,0
/content/data/galaxy/galaxy_561.jpg,1
/content/data/star/star_346.jpg,0
/content/data/star/star_240.jpg,0
/content/data/nebula/nasa_nebula_247.jpg,3
/content/data/galaxy/galaxy_720.jpg,1
/content/data/planet/nasa_planet_855.jpg,4
/content/data/nebula/nebula_556.jpg,3
/content/data/star/star_66.jpg,0
/content/data/star/fill_star_836.jpg,0
/content/data/star/star_517.jpg,0
/content/data/planet/nasa_planet_667.jpg,4
/content/data/quasar/fill_quasar_516.jpg,2
/content/data/galaxy/galaxy_329.jpg,1
/content/data/galaxy/galaxy_256.jpg,1
/content/data/planet/nasa_planet_230.jpg,4
/content/data/galaxy/galaxy_598.jpg,1
/content/data/quasar/fill_quasar_335.jpg,2
/content/data/planet/nasa_planet_618.jpg,4
/content/data/nebula/nasa_nebula_213.jpg,3
/content/data/planet/nasa_planet_237.jpg,4
/content/data/quasar/quasar_54.jpg,2
/content/data/galaxy/galaxy_271.jpg,1
/content/data/galaxy/galaxy_291.jpg,1
/content/data/planet/nasa_planet_881.jpg,4
/content/data/quasar/fill_quasar_225.jpg,2
/content/data/nebula/nebula_561.jpg,3
/content/data/planet/nasa_planet_527.jpg,4
/content/data/galaxy/galaxy_681.jpg,1
/content/data/galaxy/galaxy_689.jpg,1
/content/data/galaxy/galaxy_210.jpg,1
/content/data/quasar/fill_quasar_279.jpg,2
/content/data/galaxy/galaxy_178.jpg,1
/content/data/quasar/quasar_77.jpg,2
/content/data/nebula/nasa_nebula_314.jpg,3
/content/data/star/fill_star_977.jpg,0
/content/data/nebula/nasa_nebula_136.jpg,3
/content/data/quasar/quasar_84.jpg,2
/content/data/star/fill_star_964.jpg,0
/content/data/galaxy/galaxy_633.jpg,1
/content/data/nebula/nebula_415.jpg,3
/content/data/quasar/fill_quasar_420.jpg,2
/content/data/quasar/fill_quasar_355.jpg,2
/content/data/star/star_329.jpg,0
/content/data/star/star_86.jpg,0
/content/data/star/star_144.jpg,0
/content/data/planet/nasa_planet_519.jpg,4
/content/data/planet/nasa_planet_704.jpg,4
/content/data/galaxy/galaxy_247.jpg,1
/content/data/nebula/nebula_865.jpg,3
/content/data/nebula/nebula_739.jpg,3
/content/data/nebula/nebula_579.jpg,3
/content/data/star/fill_star_815.jpg,0
/content/data/quasar/fill_quasar_143.jpg,2
/content/data/star/star_381.jpg,0
/content/data/star/star_203.jpg,0
/content/data/star/star_243.jpg,0
/content/data/planet/nasa_planet_231.jpg,4
/content/data/galaxy/galaxy_590.jpg,1
/content/data/planet/nasa_planet_186.jpg,4
/content/data/star/fill_star_860.jpg,0
/content/data/galaxy/galaxy_63.jpg,1
/content/data/galaxy/galaxy_36.jpg,1
/content/data/star/fill_star_730.jpg,0
/content/data/quasar/fill_quasar_192.jpg,2
/content/data/quasar/fill_quasar_319.jpg,2
/content/data/planet/nasa_planet_7.jpg,4
/content/data/nebula/fill_nebula_963.jpg,3
/content/data/galaxy/galaxy_861.jpg,1
/content/data/galaxy/galaxy_559.jpg,1
/content/data/planet/nasa_planet_826.jpg,4
/content/data/quasar/fill_quasar_160.jpg,2
/content/data/quasar/fill_quasar_277.jpg,2
/content/data/star/star_25.jpg,0
/content/data/nebula/nebula_656.jpg,3
/content/data/star/star_455.jpg,0
/content/data/star/fill_star_664.jpg,0
/content/data/planet/nasa_planet_570.jpg,4
/content/data/nebula/nebula_817.jpg,3
/content/data/star/star_169.jpg,0
/content/data/planet/nasa_planet_24.jpg,4
/content/data/planet/nasa_planet_666.jpg,4
/content/data/galaxy/galaxy_991.jpg,1
/content/data/planet/nasa_planet_102.jpg,4
/content/data/nebula/nebula_334.jpg,3
/content/data/quasar/fill_quasar_389.jpg,2
/content/data/galaxy/galaxy_187.jpg,1
/content/data/planet/nasa_planet_860.jpg,4
/content/data/nebula/nebula_562.jpg,3
/content/data/quasar/fill_quasar_409.jpg,2
/content/data/nebula/nebula_358.jpg,3
/content/data/quasar/fill_quasar_193.jpg,2
/content/data/planet/nasa_planet_789.jpg,4
/content/data/planet/nasa_planet_229.jpg,4
/content/data/galaxy/galaxy_655.jpg,1
/content/data/planet/nasa_planet_44.jpg,4
/content/data/nebula/fill_nebula_922.jpg,3
/content/data/quasar/fill_quasar_182.jpg,2
/content/data/quasar/fill_quasar_484.jpg,2
/content/data/galaxy/galaxy_415.jpg,1
/content/data/nebula/nasa_nebula_304.jpg,3
/content/data/star/star_527.jpg,0
/content/data/quasar/quasar_56.jpg,2
/content/data/planet/nasa_planet_494.jpg,4
/content/data/nebula/nasa_nebula_27.jpg,3
/content/data/galaxy/galaxy_205.jpg,1
/content/data/nebula/nebula_636.jpg,3
/content/data/star/fill_star_696.jpg,0
/content/data/planet/nasa_planet_602.jpg,4
/content/data/galaxy/galaxy_433.jpg,1
/content/data/galaxy/galaxy_503.jpg,1
/content/data/nebula/nasa_nebula_43.jpg,3
/content/data/galaxy/galaxy_606.jpg,1
/content/data/quasar/fill_quasar_522.jpg,2
/content/data/planet/nasa_planet_520.jpg,4
/content/data/galaxy/nasa_galaxy_14.jpg,1
/content/data/planet/nasa_planet_233.jpg,4
/content/data/galaxy/galaxy_885.jpg,1
/content/data/quasar/quasar_134.jpg,2
/content/data/star/star_391.jpg,0
/content/data/star/fill_star_882.jpg,0
/content/data/galaxy/nasa_galaxy_15.jpg,1
/content/data/planet/nasa_planet_805.jpg,4
/content/data/quasar/fill_quasar_305.jpg,2
/content/data/nebula/nebula_664.jpg,3
/content/data/planet/nasa_planet_931.jpg,4
/content/data/planet/nasa_planet_376.jpg,4
/content/data/nebula/nebula_523.jpg,3
/content/data/planet/nasa_planet_807.jpg,4
/content/data/nebula/nebula_730.jpg,3
/content/data/galaxy/galaxy_553.jpg,1
/content/data/quasar/quasar_58.jpg,2
/content/data/galaxy/galaxy_805.jpg,1
/content/data/quasar/fill_quasar_403.jpg,2
/content/data/quasar/quasar_128.jpg,2
/content/data/planet/nasa_planet_622.jpg,4
/content/data/quasar/fill_quasar_575.jpg,2
/content/data/galaxy/galaxy_519.jpg,1
/content/data/quasar/fill_quasar_494.jpg,2
/content/data/nebula/nebula_849.jpg,3
/content/data/quasar/fill_quasar_463.jpg,2
/content/data/nebula/nebula_786.jpg,3
/content/data/planet/nasa_planet_299.jpg,4
/content/data/star/star_70.jpg,0
/content/data/star/fill_star_629.jpg,0
/content/data/star/star_75.jpg,0
/content/data/quasar/quasar_9.jpg,2
/content/data/nebula/nebula_813.jpg,3
/content/data/star/fill_star_916.jpg,0
/content/data/star/fill_star_758.jpg,0
/content/data/planet/nasa_planet_606.jpg,4
/content/data/star/star_223.jpg,0
/content/data/galaxy/galaxy_153.jpg,1
/content/data/star/star_510.jpg,0
/content/data/star/fill_star_780.jpg,0
/content/data/planet/nasa_planet_381.jpg,4
/content/data/nebula/nebula_628.jpg,3
/content/data/galaxy/galaxy_802.jpg,1
/content/data/planet/nasa_planet_923.jpg,4
/content/data/planet/nasa_planet_462.jpg,4
/content/data/galaxy/galaxy_516.jpg,1
/content/data/galaxy/galaxy_334.jpg,1
/content/data/nebula/nebula_695.jpg,3
/content/data/galaxy/galaxy_635.jpg,1
/content/data/nebula/nebula_819.jpg,3
/content/data/galaxy/galaxy_468.jpg,1
/content/data/star/star_305.jpg,0
/content/data/star/star_468.jpg,0
/content/data/planet/nasa_planet_598.jpg,4
/content/data/planet/nasa_planet_29.jpg,4
/content/data/planet/nasa_planet_921.jpg,4
/content/data/nebula/nasa_nebula_140.jpg,3
/content/data/galaxy/galaxy_278.jpg,1
/content/data/nebula/fill_nebula_995.jpg,3
/content/data/quasar/fill_quasar_529.jpg,2
/content/data/nebula/nebula_391.jpg,3
/content/data/quasar/fill_quasar_613.jpg,2
/content/data/planet/nasa_planet_809.jpg,4
/content/data/planet/nasa_planet_932.jpg,4
/content/data/planet/nasa_planet_274.jpg,4
/content/data/planet/nasa_planet_515.jpg,4
/content/data/quasar/fill_quasar_489.jpg,2
/content/data/planet/nasa_planet_991.jpg,4
/content/data/planet/nasa_planet_428.jpg,4
/content/data/galaxy/galaxy_934.jpg,1
/content/data/planet/nasa_planet_595.jpg,4
/content/data/nebula/nasa_nebula_100.jpg,3
/content/data/nebula/nasa_nebula_71.jpg,3
/content/data/planet/nasa_planet_46.jpg,4
/content/data/nebula/nasa_nebula_220.jpg,3
/content/data/nebula/nebula_328.jpg,3
/content/data/nebula/nebula_385.jpg,3
/content/data/quasar/quasar_92.jpg,2
/content/data/galaxy/galaxy_229.jpg,1
/content/data/star/star_309.jpg,0
/content/data/star/fill_star_976.jpg,0
/content/data/galaxy/galaxy_840.jpg,1
/content/data/planet/nasa_planet_184.jpg,4
/content/data/star/fill_star_687.jpg,0
/content/data/planet/nasa_planet_21.jpg,4
/content/data/quasar/fill_quasar_473.jpg,2
/content/data/nebula/nebula_806.jpg,3
/content/data/galaxy/galaxy_815.jpg,1
/content/data/planet/nasa_planet_457.jpg,4
/content/data/quasar/fill_quasar_525.jpg,2
/content/data/nebula/nebula_375.jpg,3
/content/data/nebula/nebula_496.jpg,3
/content/data/nebula/nasa_nebula_226.jpg,3
/content/data/galaxy/galaxy_973.jpg,1
/content/data/star/fill_star_813.jpg,0
/content/data/planet/nasa_planet_901.jpg,4
/content/data/galaxy/galaxy_75.jpg,1
/content/data/quasar/fill_quasar_468.jpg,2
/content/data/quasar/fill_quasar_428.jpg,2
/content/data/galaxy/galaxy_958.jpg,1
/content/data/galaxy/galaxy_796.jpg,1
/content/data/galaxy/galaxy_378.jpg,1
/content/data/nebula/nebula_767.jpg,3
/content/data/planet/nasa_planet_104.jpg,4
/content/data/star/star_43.jpg,0
/content/data/galaxy/galaxy_343.jpg,1
/content/data/nebula/nasa_nebula_210.jpg,3
/content/data/star/star_101.jpg,0
/content/data/star/star_301.jpg,0
/content/data/galaxy/galaxy_984.jpg,1
/content/data/star/star_211.jpg,0
/content/data/star/fill_star_776.jpg,0
/content/data/nebula/nebula_514.jpg,3
/content/data/planet/nasa_planet_984.jpg,4
/content/data/planet/nasa_planet_513.jpg,4
/content/data/galaxy/galaxy_347.jpg,1
/content/data/galaxy/galaxy_179.jpg,1
/content/data/planet/nasa_planet_272.jpg,4
/content/data/star/star_340.jpg,0
/content/data/galaxy/nasa_galaxy_5.jpg,1
/content/data/nebula/nebula_857.jpg,3
/content/data/planet/nasa_planet_158.jpg,4
/content/data/galaxy/galaxy_884.jpg,1
/content/data/planet/nasa_planet_846.jpg,4
/content/data/galaxy/galaxy_846.jpg,1
/content/data/star/star_236.jpg,0
/content/data/quasar/quasar_13.jpg,2
/content/data/planet/nasa_planet_253.jpg,4
/content/data/nebula/nebula_521.jpg,3
/content/data/quasar/fill_quasar_241.jpg,2
/content/data/quasar/fill_quasar_495.jpg,2
/content/data/star/fill_star_798.jpg,0
/content/data/planet/nasa_planet_166.jpg,4
/content/data/planet/nasa_planet_947.jpg,4
/content/data/star/fill_star_962.jpg,0
/content/data/planet/nasa_planet_179.jpg,4
/content/data/nebula/nebula_855.jpg,3
/content/data/nebula/nasa_nebula_30.jpg,3
/content/data/galaxy/galaxy_209.jpg,1
/content/data/star/fill_star_619.jpg,0
/content/data/star/fill_star_806.jpg,0
/content/data/nebula/nasa_nebula_180.jpg,3
/content/data/planet/nasa_planet_364.jpg,4
/content/data/planet/nasa_planet_188.jpg,4
/content/data/galaxy/galaxy_729.jpg,1
/content/data/galaxy/galaxy_224.jpg,1
/content/data/galaxy/galaxy_527.jpg,1
/content/data/quasar/fill_quasar_448.jpg,2
/content/data/star/fill_star_892.jpg,0
/content/data/galaxy/nasa_galaxy_16.jpg,1
/content/data/quasar/fill_quasar_287.jpg,2
/content/data/nebula/fill_nebula_872.jpg,3
/content/data/nebula/nebula_614.jpg,3
/content/data/galaxy/galaxy_467.jpg,1
/content/data/star/fill_star_899.jpg,0
/content/data/galaxy/galaxy_626.jpg,1
/content/data/planet/nasa_planet_968.jpg,4
/content/data/star/fill_star_978.jpg,0
/content/data/galaxy/galaxy_471.jpg,1
/content/data/nebula/nebula_379.jpg,3
/content/data/nebula/nasa_nebula_186.jpg,3
/content/data/star/fill_star_810.jpg,0
/content/data/star/star_117.jpg,0
/content/data/star/fill_star_997.jpg,0
/content/data/galaxy/galaxy_967.jpg,1
/content/data/star/fill_star_685.jpg,0
/content/data/galaxy/galaxy_458.jpg,1
/content/data/nebula/nebula_325.jpg,3
/content/data/star/star_28.jpg,0
/content/data/nebula/nasa_nebula_229.jpg,3
/content/data/planet/nasa_planet_630.jpg,4
/content/data/planet/nasa_planet_308.jpg,4
/content/data/nebula/fill_nebula_955.jpg,3
/content/data/planet/nasa_planet_537.jpg,4
/content/data/star/star_580.jpg,0
/content/data/star/star_272.jpg,0
/content/data/planet/nasa_planet_661.jpg,4
/content/data/galaxy/galaxy_666.jpg,1
/content/data/galaxy/galaxy_778.jpg,1
/content/data/star/fill_star_985.jpg,0
/content/data/star/fill_star_713.jpg,0
/content/data/star/fill_star_911.jpg,0
/content/data/planet/nasa_planet_963.jpg,4
/content/data/quasar/quasar_85.jpg,2
/content/data/nebula/fill_nebula_951.jpg,3
/content/data/planet/nasa_planet_612.jpg,4
/content/data/planet/nasa_planet_503.jpg,4
/content/data/quasar/quasar_4.jpg,2
/content/data/planet/nasa_planet_34.jpg,4
/content/data/planet/nasa_planet_865.jpg,4
/content/data/star/star_605.jpg,0
/content/data/planet/nasa_planet_636.jpg,4
/content/data/star/star_23.jpg,0
/content/data/star/fill_star_859.jpg,0
/content/data/star/fill_star_746.jpg,0
/content/data/planet/nasa_planet_674.jpg,4
/content/data/quasar/quasar_60.jpg,2
/content/data/planet/nasa_planet_68.jpg,4
/content/data/star/fill_star_803.jpg,0
/content/data/star/star_306.jpg,0
/content/data/galaxy/galaxy_76.jpg,1
/content/data/quasar/fill_quasar_601.jpg,2
/content/data/quasar/fill_quasar_618.jpg,2
/content/data/quasar/quasar_73.jpg,2
/content/data/planet/nasa_planet_524.jpg,4
/content/data/star/fill_star_823.jpg,0
/content/data/star/fill_star_951.jpg,0
/content/data/nebula/nebula_418.jpg,3
/content/data/quasar/fill_quasar_524.jpg,2
/content/data/nebula/nebula_769.jpg,3
/content/data/galaxy/galaxy_818.jpg,1
/content/data/planet/nasa_planet_985.jpg,4
/content/data/planet/nasa_planet_444.jpg,4
/content/data/quasar/fill_quasar_447.jpg,2
/content/data/galaxy/galaxy_160.jpg,1
/content/data/planet/nasa_planet_464.jpg,4
/content/data/star/fill_star_924.jpg,0
/content/data/nebula/nasa_nebula_161.jpg,3
/content/data/planet/nasa_planet_194.jpg,4
/content/data/nebula/nebula_856.jpg,3
/content/data/star/fill_star_765.jpg,0
/content/data/star/fill_star_692.jpg,0
/content/data/galaxy/galaxy_832.jpg,1
/content/data/nebula/nasa_nebula_202.jpg,3
/content/data/planet/nasa_planet_350.jpg,4
/content/data/planet/nasa_planet_285.jpg,4
/content/data/planet/nasa_planet_475.jpg,4
/content/data/star/fill_star_827.jpg,0
/content/data/galaxy/galaxy_572.jpg,1
/content/data/planet/nasa_planet_32.jpg,4
/content/data/galaxy/galaxy_46.jpg,1
/content/data/planet/nasa_planet_992.jpg,4
/content/data/galaxy/galaxy_501.jpg,1
/content/data/planet/nasa_planet_937.jpg,4
/content/data/quasar/quasar_11.jpg,2
/content/data/planet/nasa_planet_839.jpg,4
/content/data/planet/nasa_planet_433.jpg,4
/content/data/quasar/quasar_29.jpg,2
/content/data/planet/nasa_planet_403.jpg,4
/content/data/quasar/fill_quasar_254.jpg,2
/content/data/galaxy/galaxy_870.jpg,1
/content/data/galaxy/galaxy_638.jpg,1
/content/data/nebula/nebula_760.jpg,3
/content/data/planet/nasa_planet_648.jpg,4
/content/data/star/star_385.jpg,0
/content/data/nebula/nebula_451.jpg,3
/content/data/star/star_19.jpg,0
/content/data/quasar/quasar_122.jpg,2
/content/data/quasar/fill_quasar_173.jpg,2
/content/data/planet/nasa_planet_959.jpg,4
/content/data/quasar/fill_quasar_248.jpg,2
/content/data/planet/nasa_planet_201.jpg,4
/content/data/galaxy/galaxy_168.jpg,1
/content/data/planet/nasa_planet_603.jpg,4
/content/data/planet/nasa_planet_712.jpg,4
/content/data/nebula/nebula_411.jpg,3
/content/data/planet/nasa_planet_837.jpg,4
/content/data/quasar/fill_quasar_145.jpg,2
/content/data/star/fill_star_660.jpg,0
/content/data/planet/nasa_planet_25.jpg,4
/content/data/star/fill_star_969.jpg,0
/content/data/quasar/fill_quasar_571.jpg,2
/content/data/planet/nasa_planet_265.jpg,4
/content/data/planet/nasa_planet_209.jpg,4
/content/data/planet/nasa_planet_52.jpg,4
/content/data/planet/nasa_planet_290.jpg,4
/content/data/galaxy/galaxy_35.jpg,1
/content/data/quasar/fill_quasar_543.jpg,2
/content/data/nebula/fill_nebula_884.jpg,3
/content/data/galaxy/galaxy_709.jpg,1
/content/data/star/star_453.jpg,0
/content/data/quasar/fill_quasar_500.jpg,2
/content/data/nebula/nebula_504.jpg,3
/content/data/nebula/nebula_758.jpg,3
/content/data/star/fill_star_875.jpg,0
/content/data/nebula/nebula_354.jpg,3
/content/data/planet/nasa_planet_629.jpg,4
/content/data/planet/nasa_planet_788.jpg,4
/content/data/galaxy/galaxy_659.jpg,1
/content/data/quasar/fill_quasar_425.jpg,2
/content/data/quasar/fill_quasar_211.jpg,2
/content/data/planet/nasa_planet_192.jpg,4
/content/data/star/fill_star_787.jpg,0
/content/data/quasar/fill_quasar_377.jpg,2
/content/data/nebula/nebula_390.jpg,3
/content/data/nebula/fill_nebula_997.jpg,3
/content/data/planet/nasa_planet_329.jpg,4
/content/data/nebula/nasa_nebula_212.jpg,3
/content/data/nebula/nasa_nebula_191.jpg,3
/content/data/galaxy/galaxy_539.jpg,1
/content/data/star/star_558.jpg,0
/content/data/star/fill_star_712.jpg,0
/content/data/star/star_608.jpg,0
/content/data/planet/nasa_planet_60.jpg,4
/content/data/nebula/fill_nebula_965.jpg,3
/content/data/galaxy/galaxy_303.jpg,1
/content/data/star/fill_star_679.jpg,0
/content/data/galaxy/galaxy_536.jpg,1
/content/data/nebula/nebula_322.jpg,3
/content/data/quasar/fill_quasar_567.jpg,2
/content/data/planet/nasa_planet_393.jpg,4
/content/data/star/star_185.jpg,0
/content/data/nebula/nasa_nebula_76.jpg,3
/content/data/star/star_332.jpg,0
/content/data/nebula/nasa_nebula_10.jpg,3
/content/data/galaxy/galaxy_917.jpg,1
/content/data/star/fill_star_990.jpg,0
/content/data/galaxy/galaxy_54.jpg,1
/content/data/quasar/quasar_121.jpg,2
/content/data/quasar/fill_quasar_226.jpg,2
/content/data/planet/nasa_planet_223.jpg,4
/content/data/galaxy/galaxy_418.jpg,1
/content/data/galaxy/galaxy_923.jpg,1
/content/data/nebula/nebula_435.jpg,3
/content/data/quasar/fill_quasar_554.jpg,2
/content/data/nebula/nebula_511.jpg,3
/content/data/nebula/nebula_779.jpg,3
/content/data/galaxy/galaxy_654.jpg,1
/content/data/galaxy/galaxy_152.jpg,1
/content/data/star/fill_star_923.jpg,0
/content/data/star/fill_star_799.jpg,0
/content/data/star/star_323.jpg,0
/content/data/nebula/nasa_nebula_181.jpg,3
/content/data/planet/nasa_planet_628.jpg,4
/content/data/nebula/nebula_449.jpg,3
/content/data/star/star_374.jpg,0
/content/data/nebula/fill_nebula_874.jpg,3
/content/data/star/star_365.jpg,0
/content/data/galaxy/galaxy_758.jpg,1
/content/data/nebula/nebula_781.jpg,3
/content/data/galaxy/galaxy_34.jpg,1
/content/data/quasar/fill_quasar_576.jpg,2
/content/data/planet/nasa_planet_724.jpg,4
/content/data/galaxy/galaxy_746.jpg,1
/content/data/quasar/quasar_81.jpg,2
/content/data/galaxy/galaxy_102.jpg,1
/content/data/star/star_520.jpg,0
/content/data/planet/nasa_planet_195.jpg,4
/content/data/nebula/nasa_nebula_102.jpg,3
/content/data/nebula/nebula_835.jpg,3
/content/data/quasar/fill_quasar_237.jpg,2
/content/data/planet/nasa_planet_254.jpg,4
/content/data/star/star_407.jpg,0
/content/data/planet/nasa_planet_170.jpg,4
/content/data/nebula/nebula_725.jpg,3
/content/data/star/star_508.jpg,0
/content/data/galaxy/galaxy_988.jpg,1
/content/data/star/star_198.jpg,0
/content/data/quasar/fill_quasar_614.jpg,2
/content/data/planet/nasa_planet_402.jpg,4
/content/data/planet/nasa_planet_764.jpg,4
/content/data/nebula/nasa_nebula_307.jpg,3
/content/data/galaxy/galaxy_119.jpg,1
/content/data/nebula/nasa_nebula_234.jpg,3
/content/data/star/star_248.jpg,0
/content/data/star/fill_star_702.jpg,0
/content/data/star/star_483.jpg,0
/content/data/planet/nasa_planet_336.jpg,4
/content/data/nebula/fill_nebula_996.jpg,3
/content/data/star/fill_star_748.jpg,0
/content/data/star/fill_star_658.jpg,0
/content/data/nebula/nebula_554.jpg,3
/content/data/star/star_212.jpg,0
/content/data/nebula/fill_nebula_944.jpg,3
/content/data/nebula/nebula_378.jpg,3
/content/data/galaxy/galaxy_73.jpg,1
/content/data/planet/nasa_planet_120.jpg,4
/content/data/star/fill_star_615.jpg,0
/content/data/galaxy/galaxy_143.jpg,1
/content/data/galaxy/galaxy_356.jpg,1
/content/data/planet/nasa_planet_774.jpg,4
/content/data/star/star_202.jpg,0
/content/data/star/star_476.jpg,0
/content/data/nebula/nebula_715.jpg,3
/content/data/planet/nasa_planet_405.jpg,4
/content/data/star/star_519.jpg,0
/content/data/nebula/nebula_642.jpg,3
/content/data/star/fill_star_769.jpg,0
/content/data/galaxy/galaxy_363.jpg,1
/content/data/galaxy/galaxy_351.jpg,1
/content/data/nebula/nebula_599.jpg,3
/content/data/planet/nasa_planet_904.jpg,4
/content/data/quasar/fill_quasar_432.jpg,2
/content/data/planet/nasa_planet_884.jpg,4
/content/data/star/star_595.jpg,0
/content/data/star/star_124.jpg,0
/content/data/star/fill_star_728.jpg,0
/content/data/galaxy/nasa_galaxy_11.jpg,1
/content/data/planet/nasa_planet_51.jpg,4
/content/data/nebula/fill_nebula_954.jpg,3
/content/data/quasar/fill_quasar_264.jpg,2
/content/data/star/fill_star_974.jpg,0
/content/data/nebula/nebula_785.jpg,3
/content/data/nebula/nebula_474.jpg,3
/content/data/star/fill_star_794.jpg,0
/content/data/planet/nasa_planet_144.jpg,4
/content/data/galaxy/galaxy_52.jpg,1
/content/data/nebula/nebula_493.jpg,3
/content/data/galaxy/galaxy_877.jpg,1
/content/data/nebula/nebula_803.jpg,3
/content/data/galaxy/galaxy_446.jpg,1
/content/data/planet/nasa_planet_358.jpg,4
/content/data/star/star_459.jpg,0
/content/data/star/fill_star_967.jpg,0
/content/data/galaxy/galaxy_703.jpg,1
/content/data/galaxy/galaxy_573.jpg,1
/content/data/star/star_135.jpg,0
/content/data/galaxy/galaxy_139.jpg,1
/content/data/quasar/fill_quasar_280.jpg,2
/content/data/star/fill_star_642.jpg,0
/content/data/planet/nasa_planet_39.jpg,4
/content/data/galaxy/galaxy_690.jpg,1
/content/data/nebula/nasa_nebula_66.jpg,3
/content/data/galaxy/galaxy_789.jpg,1
/content/data/star/star_231.jpg,0
/content/data/nebula/nebula_814.jpg,3
/content/data/star/star_571.jpg,0
/content/data/star/fill_star_973.jpg,0
/content/data/quasar/fill_quasar_578.jpg,2
/content/data/nebula/nebula_731.jpg,3
/content/data/nebula/nebula_770.jpg,3
/content/data/star/star_366.jpg,0
/content/data/galaxy/galaxy_555.jpg,1
/content/data/planet/nasa_planet_922.jpg,4
/content/data/nebula/nasa_nebula_31.jpg,3
/content/data/planet/nasa_planet_797.jpg,4
/content/data/nebula/nasa_nebula_271.jpg,3
/content/data/planet/nasa_planet_632.jpg,4
/content/data/planet/nasa_planet_324.jpg,4
/content/data/galaxy/galaxy_741.jpg,1
/content/data/nebula/nasa_nebula_297.jpg,3
/content/data/galaxy/nasa_galaxy_23.jpg,1
/content/data/quasar/fill_quasar_499.jpg,2
/content/data/planet/nasa_planet_783.jpg,4
/content/data/nebula/nebula_576.jpg,3
/content/data/planet/nasa_planet_465.jpg,4
/content/data/galaxy/galaxy_425.jpg,1
/content/data/nebula/nebula_641.jpg,3
/content/data/planet/nasa_planet_725.jpg,4
/content/data/galaxy/galaxy_170.jpg,1
/content/data/star/star_173.jpg,0
/content/data/nebula/nebula_374.jpg,3
/content/data/planet/nasa_planet_446.jpg,4
/content/data/nebula/nasa_nebula_38.jpg,3
/content/data/quasar/fill_quasar_176.jpg,2
/content/data/planet/nasa_planet_568.jpg,4
/content/data/quasar/fill_quasar_390.jpg,2
/content/data/planet/nasa_planet_715.jpg,4
/content/data/nebula/nebula_392.jpg,3
/content/data/quasar/fill_quasar_536.jpg,2
/content/data/planet/nasa_planet_383.jpg,4
/content/data/quasar/fill_quasar_624.jpg,2
/content/data/star/star_68.jpg,0
/content/data/galaxy/galaxy_103.jpg,1
/content/data/galaxy/galaxy_872.jpg,1
/content/data/star/star_18.jpg,0
/content/data/nebula/nebula_738.jpg,3
/content/data/nebula/nebula_410.jpg,3
/content/data/planet/nasa_planet_574.jpg,4
/content/data/planet/nasa_planet_711.jpg,4
/content/data/nebula/nasa_nebula_151.jpg,3
/content/data/galaxy/galaxy_557.jpg,1
/content/data/planet/nasa_planet_849.jpg,4
/content/data/star/star_433.jpg,0
/content/data/quasar/quasar_76.jpg,2
/content/data/nebula/fill_nebula_939.jpg,3
/content/data/quasar/fill_quasar_591.jpg,2
/content/data/planet/nasa_planet_605.jpg,4
/content/data/quasar/fill_quasar_498.jpg,2
/content/data/planet/nasa_planet_58.jpg,4
/content/data/quasar/fill_quasar_596.jpg,2
/content/data/star/fill_star_714.jpg,0
/content/data/planet/nasa_planet_765.jpg,4
/content/data/nebula/nebula_350.jpg,3
/content/data/star/star_411.jpg,0
/content/data/galaxy/galaxy_384.jpg,1
/content/data/galaxy/nasa_galaxy_13.jpg,1
/content/data/planet/nasa_planet_523.jpg,4
/content/data/planet/nasa_planet_146.jpg,4
/content/data/quasar/fill_quasar_288.jpg,2
/content/data/star/star_114.jpg,0
/content/data/planet/nasa_planet_511.jpg,4
/content/data/nebula/nasa_nebula_253.jpg,3
/content/data/star/star_373.jpg,0
/content/data/star/star_456.jpg,0
/content/data/star/star_262.jpg,0
/content/data/galaxy/galaxy_402.jpg,1
/content/data/star/star_371.jpg,0
/content/data/planet/nasa_planet_736.jpg,4
/content/data/galaxy/galaxy_453.jpg,1
/content/data/nebula/nasa_nebula_123.jpg,3
/content/data/planet/nasa_planet_816.jpg,4
/content/data/galaxy/galaxy_338.jpg,1
/content/data/quasar/fill_quasar_508.jpg,2
/content/data/nebula/fill_nebula_972.jpg,3
/content/data/planet/nasa_planet_640.jpg,4
/content/data/nebula/nebula_629.jpg,3
/content/data/quasar/fill_quasar_159.jpg,2
/content/data/star/star_417.jpg,0
/content/data/planet/nasa_planet_180.jpg,4
/content/data/planet/nasa_planet_641.jpg,4
/content/data/quasar/fill_quasar_313.jpg,2
/content/data/star/star_150.jpg,0
/content/data/quasar/quasar_40.jpg,2
/content/data/star/star_432.jpg,0
/content/data/planet/nasa_planet_657.jpg,4
/content/data/star/star_149.jpg,0
/content/data/planet/nasa_planet_571.jpg,4
/content/data/star/star_552.jpg,0
/content/data/quasar/fill_quasar_535.jpg,2
/content/data/star/fill_star_920.jpg,0
/content/data/quasar/quasar_86.jpg,2
/content/data/galaxy/galaxy_764.jpg,1
/content/data/nebula/nebula_737.jpg,3
/content/data/quasar/fill_quasar_603.jpg,2
/content/data/quasar/fill_quasar_239.jpg,2
/content/data/nebula/nebula_645.jpg,3
/content/data/star/fill_star_671.jpg,0
/content/data/nebula/nasa_nebula_270.jpg,3
/content/data/planet/nasa_planet_207.jpg,4
/content/data/planet/nasa_planet_212.jpg,4
/content/data/planet/nasa_planet_382.jpg,4
/content/data/galaxy/galaxy_85.jpg,1
/content/data/star/star_156.jpg,0
/content/data/nebula/nebula_662.jpg,3
/content/data/nebula/nebula_492.jpg,3
/content/data/planet/nasa_planet_960.jpg,4
/content/data/star/star_65.jpg,0
/content/data/star/fill_star_872.jpg,0
/content/data/galaxy/galaxy_235.jpg,1
/content/data/planet/nasa_planet_946.jpg,4
/content/data/nebula/fill_nebula_918.jpg,3
/content/data/planet/nasa_planet_227.jpg,4
/content/data/nebula/nebula_436.jpg,3
/content/data/galaxy/galaxy_738.jpg,1
/content/data/star/star_228.jpg,0
/content/data/nebula/nebula_341.jpg,3
/content/data/quasar/quasar_24.jpg,2
/content/data/star/star_450.jpg,0
/content/data/star/fill_star_914.jpg,0
/content/data/galaxy/galaxy_515.jpg,1
/content/data/quasar/fill_quasar_612.jpg,2
/content/data/galaxy/galaxy_242.jpg,1
/content/data/galaxy/galaxy_871.jpg,1
/content/data/nebula/nasa_nebula_95.jpg,3
/content/data/nebula/nebula_401.jpg,3
/content/data/galaxy/galaxy_622.jpg,1
/content/data/nebula/nebula_631.jpg,3
/content/data/nebula/nebula_705.jpg,3
/content/data/planet/nasa_planet_417.jpg,4
/content/data/nebula/nebula_326.jpg,3
/content/data/quasar/quasar_104.jpg,2
/content/data/planet/nasa_planet_426.jpg,4
/content/data/galaxy/galaxy_379.jpg,1
/content/data/nebula/nasa_nebula_18.jpg,3
/content/data/quasar/fill_quasar_205.jpg,2
/content/data/quasar/fill_quasar_381.jpg,2
/content/data/star/fill_star_659.jpg,0
/content/data/galaxy/galaxy_831.jpg,1
/content/data/galaxy/galaxy_910.jpg,1
/content/data/planet/nasa_planet_952.jpg,4
/content/data/planet/nasa_planet_781.jpg,4
/content/data/planet/nasa_planet_716.jpg,4
/content/data/galaxy/nasa_galaxy_8.jpg,1
/content/data/planet/nasa_planet_496.jpg,4
/content/data/star/fill_star_880.jpg,0
/content/data/planet/nasa_planet_275.jpg,4
/content/data/star/star_239.jpg,0
/content/data/planet/nasa_planet_251.jpg,4
/content/data/quasar/fill_quasar_477.jpg,2
/content/data/nebula/nasa_nebula_93.jpg,3
/content/data/star/fill_star_941.jpg,0
/content/data/quasar/quasar_62.jpg,2
/content/data/planet/nasa_planet_10.jpg,4
/content/data/galaxy/galaxy_121.jpg,1
/content/data/star/fill_star_709.jpg,0
/content/data/galaxy/galaxy_480.jpg,1
/content/data/star/fill_star_800.jpg,0
/content/data/planet/nasa_planet_694.jpg,4
/content/data/galaxy/galaxy_389.jpg,1
/content/data/nebula/fill_nebula_975.jpg,3
/content/data/nebula/nasa_nebula_75.jpg,3
/content/data/galaxy/galaxy_472.jpg,1
/content/data/star/star_389.jpg,0
/content/data/star/star_52.jpg,0
/content/data/nebula/nasa_nebula_13.jpg,3
/content/data/galaxy/galaxy_855.jpg,1
/content/data/galaxy/galaxy_671.jpg,1
/content/data/galaxy/galaxy_486.jpg,1
/content/data/star/fill_star_646.jpg,0
/content/data/quasar/fill_quasar_302.jpg,2
/content/data/nebula/nasa_nebula_279.jpg,3
/content/data/galaxy/galaxy_86.jpg,1
/content/data/nebula/fill_nebula_936.jpg,3
/content/data/star/fill_star_877.jpg,0
/content/data/planet/nasa_planet_190.jpg,4
/content/data/planet/nasa_planet_487.jpg,4
/content/data/galaxy/galaxy_427.jpg,1
/content/data/galaxy/galaxy_757.jpg,1
/content/data/galaxy/galaxy_672.jpg,1
/content/data/nebula/nebula_533.jpg,3
/content/data/galaxy/galaxy_532.jpg,1
/content/data/galaxy/galaxy_39.jpg,1
/content/data/galaxy/nasa_galaxy_4.jpg,1
/content/data/planet/nasa_planet_481.jpg,4
/content/data/nebula/nasa_nebula_78.jpg,3
/content/data/nebula/nebula_319.jpg,3
/content/data/planet/nasa_planet_117.jpg,4
/content/data/galaxy/galaxy_55.jpg,1
/content/data/galaxy/galaxy_954.jpg,1
/content/data/quasar/fill_quasar_172.jpg,2
/content/data/star/star_123.jpg,0
/content/data/planet/nasa_planet_191.jpg,4
/content/data/nebula/nasa_nebula_2.jpg,3
/content/data/planet/nasa_planet_500.jpg,4
/content/data/quasar/fill_quasar_467.jpg,2
/content/data/planet/nasa_planet_866.jpg,4
/content/data/planet/nasa_planet_944.jpg,4
/content/data/nebula/nasa_nebula_74.jpg,3
/content/data/nebula/nebula_788.jpg,3
/content/data/quasar/fill_quasar_424.jpg,2
/content/data/quasar/fill_quasar_514.jpg,2
/content/data/nebula/nasa_nebula_116.jpg,3
/content/data/star/star_422.jpg,0
/content/data/nebula/nebula_336.jpg,3
/content/data/nebula/fill_nebula_957.jpg,3
/content/data/planet/nasa_planet_353.jpg,4
/content/data/nebula/nebula_624.jpg,3
/content/data/star/fill_star_851.jpg,0
/content/data/galaxy/galaxy_791.jpg,1
/content/data/planet/nasa_planet_78.jpg,4
/content/data/galaxy/galaxy_918.jpg,1
/content/data/galaxy/galaxy_903.jpg,1
/content/data/galaxy/galaxy_130.jpg,1
/content/data/star/star_591.jpg,0
/content/data/nebula/nebula_584.jpg,3
/content/data/galaxy/galaxy_231.jpg,1
/content/data/nebula/nebula_615.jpg,3
/content/data/galaxy/galaxy_250.jpg,1
/content/data/galaxy/galaxy_783.jpg,1
/content/data/planet/nasa_planet_418.jpg,4
/content/data/nebula/nasa_nebula_86.jpg,3
/content/data/star/star_375.jpg,0
/content/data/star/star_382.jpg,0
/content/data/star/star_568.jpg,0
/content/data/star/star_96.jpg,0
/content/data/star/star_387.jpg,0
/content/data/galaxy/galaxy_273.jpg,1
/content/data/galaxy/nasa_galaxy_25.jpg,1
/content/data/nebula/nasa_nebula_64.jpg,3
/content/data/galaxy/galaxy_678.jpg,1
/content/data/nebula/nebula_545.jpg,3
/content/data/planet/nasa_planet_429.jpg,4
/content/data/galaxy/galaxy_863.jpg,1
/content/data/quasar/fill_quasar_609.jpg,2
/content/data/nebula/nebula_811.jpg,3
/content/data/planet/nasa_planet_970.jpg,4
/content/data/planet/nasa_planet_206.jpg,4
/content/data/galaxy/galaxy_324.jpg,1
/content/data/quasar/fill_quasar_247.jpg,2
/content/data/planet/nasa_planet_840.jpg,4
/content/data/star/star_121.jpg,0
/content/data/quasar/fill_quasar_572.jpg,2
/content/data/nebula/fill_nebula_968.jpg,3
/content/data/galaxy/galaxy_858.jpg,1
/content/data/star/nasa_star_0.jpg,0
/content/data/nebula/nasa_nebula_263.jpg,3
/content/data/galaxy/galaxy_316.jpg,1
/content/data/galaxy/galaxy_809.jpg,1
/content/data/nebula/nebula_345.jpg,3
/content/data/star/fill_star_816.jpg,0
/content/data/nebula/nebula_809.jpg,3
/content/data/galaxy/galaxy_284.jpg,1
/content/data/planet/nasa_planet_347.jpg,4
/content/data/planet/nasa_planet_370.jpg,4
/content/data/quasar/fill_quasar_450.jpg,2
/content/data/star/star_127.jpg,0
/content/data/nebula/nasa_nebula_109.jpg,3
/content/data/planet/nasa_planet_941.jpg,4
/content/data/quasar/fill_quasar_598.jpg,2
/content/data/quasar/fill_quasar_476.jpg,2
/content/data/planet/nasa_planet_218.jpg,4
/content/data/nebula/nebula_515.jpg,3
/content/data/nebula/nebula_352.jpg,3
/content/data/galaxy/galaxy_651.jpg,1
/content/data/star/star_271.jpg,0
/content/data/planet/nasa_planet_741.jpg,4
/content/data/star/fill_star_666.jpg,0
/content/data/planet/nasa_planet_614.jpg,4
/content/data/quasar/fill_quasar_178.jpg,2
/content/data/galaxy/galaxy_743.jpg,1
/content/data/star/star_140.jpg,0
/content/data/galaxy/galaxy_735.jpg,1
/content/data/galaxy/galaxy_541.jpg,1
/content/data/nebula/nasa_nebula_122.jpg,3
/content/data/star/fill_star_653.jpg,0
/content/data/galaxy/galaxy_463.jpg,1
/content/data/planet/nasa_planet_656.jpg,4
/content/data/star/star_251.jpg,0
/content/data/planet/nasa_planet_850.jpg,4
/content/data/galaxy/galaxy_836.jpg,1
/content/data/quasar/fill_quasar_540.jpg,2
/content/data/quasar/fill_quasar_419.jpg,2
/content/data/star/star_368.jpg,0
/content/data/planet/nasa_planet_98.jpg,4
/content/data/galaxy/galaxy_199.jpg,1
/content/data/star/star_466.jpg,0
/content/data/planet/nasa_planet_883.jpg,4
/content/data/nebula/nasa_nebula_283.jpg,3
/content/data/galaxy/galaxy_66.jpg,1
/content/data/galaxy/galaxy_801.jpg,1
/content/data/nebula/nebula_622.jpg,3
/content/data/quasar/fill_quasar_243.jpg,2
/content/data/star/star_312.jpg,0
/content/data/star/star_40.jpg,0
/content/data/planet/nasa_planet_375.jpg,4
/content/data/planet/nasa_planet_35.jpg,4
/content/data/planet/nasa_planet_483.jpg,4
/content/data/star/fill_star_864.jpg,0
/content/data/nebula/nebula_370.jpg,3
/content/data/star/star_431.jpg,0
/content/data/star/fill_star_873.jpg,0
/content/data/star/fill_star_684.jpg,0
/content/data/planet/nasa_planet_312.jpg,4
/content/data/planet/nasa_planet_89.jpg,4
/content/data/star/star_286.jpg,0
/content/data/quasar/fill_quasar_163.jpg,2
/content/data/nebula/nasa_nebula_209.jpg,3
/content/data/quasar/fill_quasar_203.jpg,2
/content/data/star/star_428.jpg,0
/content/data/quasar/fill_quasar_278.jpg,2
/content/data/nebula/nasa_nebula_138.jpg,3
/content/data/quasar/fill_quasar_402.jpg,2
/content/data/planet/nasa_planet_658.jpg,4
/content/data/quasar/fill_quasar_458.jpg,2
/content/data/nebula/nebula_630.jpg,3
/content/data/star/star_206.jpg,0
/content/data/star/star_492.jpg,0
/content/data/galaxy/galaxy_691.jpg,1
/content/data/galaxy/galaxy_639.jpg,1
/content/data/planet/nasa_planet_888.jpg,4
/content/data/galaxy/galaxy_914.jpg,1
/content/data/planet/nasa_planet_377.jpg,4
/content/data/star/star_55.jpg,0
/content/data/nebula/fill_nebula_886.jpg,3
/content/data/nebula/nebula_568.jpg,3
/content/data/quasar/fill_quasar_459.jpg,2
/content/data/star/star_316.jpg,0
/content/data/star/fill_star_934.jpg,0
/content/data/planet/nasa_planet_700.jpg,4
/content/data/planet/nasa_planet_533.jpg,4
/content/data/quasar/fill_quasar_329.jpg,2
/content/data/galaxy/galaxy_564.jpg,1
/content/data/nebula/nebula_506.jpg,3
/content/data/planet/nasa_planet_771.jpg,4
/content/data/star/fill_star_650.jpg,0
/content/data/planet/nasa_planet_459.jpg,4
/content/data/planet/nasa_planet_140.jpg,4
/content/data/nebula/fill_nebula_907.jpg,3
/content/data/star/star_138.jpg,0
/content/data/nebula/nasa_nebula_195.jpg,3
/content/data/star/star_570.jpg,0
/content/data/planet/nasa_planet_121.jpg,4
/content/data/galaxy/galaxy_919.jpg,1
/content/data/galaxy/galaxy_202.jpg,1
/content/data/galaxy/galaxy_349.jpg,1
/content/data/quasar/fill_quasar_449.jpg,2
/content/data/quasar/quasar_130.jpg,2
/content/data/galaxy/galaxy_395.jpg,1
/content/data/planet/nasa_planet_193.jpg,4
/content/data/quasar/fill_quasar_251.jpg,2
/content/data/galaxy/galaxy_478.jpg,1
/content/data/nebula/nebula_503.jpg,3
/content/data/planet/nasa_planet_367.jpg,4
/content/data/quasar/quasar_5.jpg,2
/content/data/quasar/fill_quasar_579.jpg,2
/content/data/nebula/nasa_nebula_26.jpg,3
/content/data/quasar/fill_quasar_345.jpg,2
/content/data/planet/nasa_planet_220.jpg,4
/content/data/galaxy/galaxy_447.jpg,1
/content/data/nebula/nasa_nebula_200.jpg,3
/content/data/galaxy/galaxy_495.jpg,1
/content/data/star/star_295.jpg,0
/content/data/galaxy/galaxy_201.jpg,1
/content/data/planet/nasa_planet_559.jpg,4
/content/data/star/star_438.jpg,0
/content/data/planet/nasa_planet_698.jpg,4
/content/data/nebula/fill_nebula_901.jpg,3
/content/data/star/fill_star_825.jpg,0
/content/data/quasar/fill_quasar_600.jpg,2
/content/data/quasar/fill_quasar_218.jpg,2
/content/data/quasar/fill_quasar_429.jpg,2
/content/data/planet/nasa_planet_335.jpg,4
/content/data/planet/nasa_planet_690.jpg,4
/content/data/star/fill_star_621.jpg,0
/content/data/nebula/nebula_837.jpg,3
/content/data/galaxy/galaxy_420.jpg,1
/content/data/star/star_146.jpg,0
/content/data/planet/nasa_planet_228.jpg,4
/content/data/quasar/fill_quasar_213.jpg,2
/content/data/planet/nasa_planet_907.jpg,4
/content/data/quasar/quasar_90.jpg,2
/content/data/galaxy/nasa_galaxy_20.jpg,1
/content/data/nebula/nasa_nebula_303.jpg,3
/content/data/star/star_321.jpg,0
/content/data/star/star_85.jpg,0
/content/data/planet/nasa_planet_777.jpg,4
/content/data/star/fill_star_886.jpg,0
/content/data/quasar/fill_quasar_349.jpg,2
/content/data/star/star_201.jpg,0
/content/data/galaxy/galaxy_798.jpg,1
/content/data/galaxy/galaxy_607.jpg,1
/content/data/nebula/fill_nebula_926.jpg,3
/content/data/nebula/nebula_713.jpg,3
/content/data/galaxy/galaxy_733.jpg,1
/content/data/galaxy/galaxy_489.jpg,1
/content/data/nebula/nasa_nebula_231.jpg,3
/content/data/galaxy/galaxy_759.jpg,1
/content/data/planet/nasa_planet_294.jpg,4
/content/data/galaxy/galaxy_184.jpg,1
/content/data/planet/nasa_planet_953.jpg,4
/content/data/planet/nasa_planet_133.jpg,4
/content/data/quasar/fill_quasar_180.jpg,2
/content/data/nebula/nebula_575.jpg,3
/content/data/galaxy/galaxy_81.jpg,1
/content/data/quasar/fill_quasar_242.jpg,2
/content/data/nebula/nebula_680.jpg,3
/content/data/galaxy/galaxy_496.jpg,1
/content/data/planet/nasa_planet_6.jpg,4
/content/data/galaxy/galaxy_164.jpg,1
/content/data/galaxy/galaxy_680.jpg,1
/content/data/galaxy/galaxy_647.jpg,1
/content/data/star/star_564.jpg,0
/content/data/star/fill_star_739.jpg,0
/content/data/quasar/fill_quasar_546.jpg,2
/content/data/galaxy/galaxy_274.jpg,1
/content/data/star/star_415.jpg,0
/content/data/nebula/nasa_nebula_23.jpg,3
/content/data/nebula/nebula_520.jpg,3
/content/data/quasar/fill_quasar_261.jpg,2
/content/data/star/star_283.jpg,0
/content/data/galaxy/galaxy_320.jpg,1
/content/data/star/star_47.jpg,0
/content/data/nebula/nebula_373.jpg,3
/content/data/planet/nasa_planet_994.jpg,4
/content/data/nebula/fill_nebula_900.jpg,3
/content/data/nebula/nebula_400.jpg,3
/content/data/quasar/fill_quasar_562.jpg,2
/content/data/star/star_317.jpg,0
/content/data/star/star_560.jpg,0
/content/data/galaxy/galaxy_663.jpg,1
/content/data/star/star_217.jpg,0
/content/data/nebula/nasa_nebula_48.jpg,3
/content/data/quasar/fill_quasar_362.jpg,2
/content/data/galaxy/galaxy_811.jpg,1
/content/data/galaxy/galaxy_586.jpg,1
/content/data/star/star_314.jpg,0
/content/data/galaxy/galaxy_843.jpg,1
/content/data/galaxy/galaxy_397.jpg,1
/content/data/planet/nasa_planet_733.jpg,4
/content/data/nebula/nebula_542.jpg,3
/content/data/nebula/nasa_nebula_6.jpg,3
/content/data/planet/nasa_planet_669.jpg,4
/content/data/galaxy/nasa_galaxy_19.jpg,1
/content/data/quasar/quasar_25.jpg,2
/content/data/nebula/nebula_318.jpg,3
/content/data/star/star_497.jpg,0
/content/data/nebula/nebula_550.jpg,3
/content/data/nebula/nebula_572.jpg,3
/content/data/galaxy/galaxy_154.jpg,1
/content/data/nebula/nebula_403.jpg,3
/content/data/star/fill_star_950.jpg,0
/content/data/planet/nasa_planet_344.jpg,4
/content/data/star/fill_star_840.jpg,0
/content/data/star/fill_star_727.jpg,0
/content/data/planet/nasa_planet_845.jpg,4
/content/data/planet/nasa_planet_962.jpg,4
/content/data/nebula/nebula_808.jpg,3
/content/data/star/star_53.jpg,0
/content/data/galaxy/galaxy_869.jpg,1
/content/data/nebula/fill_nebula_902.jpg,3
/content/data/nebula/nebula_609.jpg,3
/content/data/nebula/nebula_689.jpg,3
/content/data/nebula/nasa_nebula_113.jpg,3
/content/data/star/star_116.jpg,0
/content/data/quasar/fill_quasar_150.jpg,2
/content/data/galaxy/nasa_galaxy_9.jpg,1
/content/data/star/fill_star_893.jpg,0
/content/data/planet/nasa_planet_766.jpg,4
/content/data/quasar/fill_quasar_566.jpg,2
/content/data/quasar/fill_quasar_289.jpg,2
/content/data/galaxy/galaxy_928.jpg,1
/content/data/nebula/nebula_597.jpg,3
/content/data/galaxy/galaxy_310.jpg,1
/content/data/nebula/nebula_717.jpg,3
/content/data/galaxy/galaxy_128.jpg,1
/content/data/nebula/fill_nebula_999.jpg,3
/content/data/galaxy/galaxy_190.jpg,1
/content/data/galaxy/galaxy_992.jpg,1
/content/data/galaxy/galaxy_56.jpg,1
/content/data/planet/nasa_planet_37.jpg,4
/content/data/galaxy/galaxy_353.jpg,1
/content/data/nebula/nasa_nebula_214.jpg,3
/content/data/nebula/nebula_454.jpg,3
/content/data/star/star_327.jpg,0
/content/data/planet/nasa_planet_425.jpg,4
/content/data/galaxy/galaxy_255.jpg,1
/content/data/planet/nasa_planet_203.jpg,4
/content/data/galaxy/galaxy_212.jpg,1
/content/data/star/star_122.jpg,0
/content/data/quasar/fill_quasar_283.jpg,2
/content/data/star/star_372.jpg,0
/content/data/planet/nasa_planet_893.jpg,4
/content/data/planet/nasa_planet_780.jpg,4
/content/data/planet/nasa_planet_750.jpg,4
/content/data/galaxy/galaxy_844.jpg,1
/content/data/galaxy/galaxy_838.jpg,1
/content/data/galaxy/galaxy_337.jpg,1
/content/data/nebula/nasa_nebula_206.jpg,3
/content/data/nebula/nebula_802.jpg,3
/content/data/galaxy/galaxy_357.jpg,1
/content/data/planet/nasa_planet_482.jpg,4
/content/data/quasar/fill_quasar_166.jpg,2
/content/data/galaxy/galaxy_270.jpg,1
/content/data/quasar/fill_quasar_274.jpg,2
/content/data/galaxy/galaxy_286.jpg,1
/content/data/planet/nasa_planet_489.jpg,4
/content/data/planet/nasa_planet_975.jpg,4
/content/data/star/fill_star_958.jpg,0
/content/data/star/star_152.jpg,0
/content/data/galaxy/galaxy_781.jpg,1
/content/data/star/star_503.jpg,0
/content/data/star/fill_star_630.jpg,0
/content/data/galaxy/galaxy_732.jpg,1
/content/data/star/fill_star_839.jpg,0
/content/data/quasar/fill_quasar_400.jpg,2
/content/data/star/star_439.jpg,0
/content/data/nebula/nasa_nebula_160.jpg,3
/content/data/nebula/fill_nebula_935.jpg,3
/content/data/planet/nasa_planet_691.jpg,4
/content/data/nebula/nebula_821.jpg,3
/content/data/planet/nasa_planet_414.jpg,4
/content/data/nebula/nebula_387.jpg,3
/content/data/star/star_233.jpg,0
/content/data/galaxy/galaxy_834.jpg,1
/content/data/nebula/nasa_nebula_16.jpg,3
/content/data/galaxy/galaxy_951.jpg,1
/content/data/galaxy/galaxy_237.jpg,1
/content/data/quasar/quasar_71.jpg,2
/content/data/planet/nasa_planet_900.jpg,4
/content/data/planet/nasa_planet_935.jpg,4
/content/data/galaxy/galaxy_964.jpg,1
/content/data/planet/nasa_planet_902.jpg,4
/content/data/planet/nasa_planet_717.jpg,4
/content/data/galaxy/galaxy_987.jpg,1
/content/data/nebula/nasa_nebula_33.jpg,3
/content/data/quasar/fill_quasar_338.jpg,2
/content/data/planet/nasa_planet_125.jpg,4
/content/data/galaxy/galaxy_588.jpg,1
/content/data/quasar/fill_quasar_232.jpg,2
/content/data/nebula/nasa_nebula_240.jpg,3
/content/data/galaxy/galaxy_372.jpg,1
/content/data/galaxy/galaxy_155.jpg,1
/content/data/planet/nasa_planet_927.jpg,4
/content/data/nebula/fill_nebula_873.jpg,3
/content/data/nebula/nebula_654.jpg,3
/content/data/planet/nasa_planet_847.jpg,4
/content/data/star/star_554.jpg,0
/content/data/planet/nasa_planet_848.jpg,4
/content/data/quasar/quasar_55.jpg,2
/content/data/nebula/nebula_342.jpg,3
/content/data/planet/nasa_planet_940.jpg,4
/content/data/star/fill_star_645.jpg,0
/content/data/nebula/nebula_399.jpg,3
/content/data/nebula/fill_nebula_961.jpg,3
/content/data/galaxy/galaxy_477.jpg,1
/content/data/star/star_219.jpg,0
/content/data/nebula/nebula_525.jpg,3
/content/data/galaxy/galaxy_313.jpg,1
/content/data/planet/nasa_planet_926.jpg,4
/content/data/planet/nasa_planet_528.jpg,4
/content/data/planet/nasa_planet_663.jpg,4
/content/data/quasar/quasar_26.jpg,2
/content/data/nebula/nebula_494.jpg,3
/content/data/nebula/nasa_nebula_45.jpg,3
/content/data/quasar/fill_quasar_191.jpg,2
/content/data/galaxy/galaxy_438.jpg,1
/content/data/planet/nasa_planet_770.jpg,4
/content/data/planet/nasa_planet_898.jpg,4
/content/data/planet/nasa_planet_835.jpg,4
/content/data/quasar/fill_quasar_235.jpg,2
/content/data/star/fill_star_801.jpg,0
/content/data/planet/nasa_planet_810.jpg,4
/content/data/planet/nasa_planet_182.jpg,4
/content/data/galaxy/galaxy_614.jpg,1
/content/data/galaxy/galaxy_580.jpg,1
/content/data/star/fill_star_719.jpg,0
/content/data/planet/nasa_planet_955.jpg,4
/content/data/planet/nasa_planet_906.jpg,4
/content/data/galaxy/galaxy_604.jpg,1
/content/data/quasar/fill_quasar_140.jpg,2
/content/data/galaxy/galaxy_208.jpg,1
/content/data/planet/nasa_planet_250.jpg,4
/content/data/galaxy/galaxy_567.jpg,1
/content/data/star/star_297.jpg,0
/content/data/nebula/fill_nebula_913.jpg,3
/content/data/galaxy/galaxy_318.jpg,1
/content/data/star/star_250.jpg,0
/content/data/quasar/fill_quasar_162.jpg,2
/content/data/star/star_448.jpg,0
/content/data/star/star_358.jpg,0
/content/data/quasar/fill_quasar_472.jpg,2
/content/data/quasar/quasar_114.jpg,2
/content/data/galaxy/galaxy_375.jpg,1
/content/data/quasar/fill_quasar_480.jpg,2
/content/data/galaxy/galaxy_411.jpg,1
/content/data/star/star_194.jpg,0
/content/data/planet/nasa_planet_3.jpg,4
/content/data/quasar/fill_quasar_455.jpg,2
/content/data/star/star_48.jpg,0
/content/data/nebula/fill_nebula_966.jpg,3
/content/data/nebula/nebula_787.jpg,3
/content/data/star/star_139.jpg,0
/content/data/planet/nasa_planet_295.jpg,4
/content/data/nebula/nebula_360.jpg,3
/content/data/star/fill_star_761.jpg,0
/content/data/planet/nasa_planet_730.jpg,4
/content/data/planet/nasa_planet_113.jpg,4
/content/data/quasar/fill_quasar_359.jpg,2
/content/data/nebula/nebula_707.jpg,3
/content/data/star/star_604.jpg,0
/content/data/star/star_388.jpg,0
/content/data/nebula/nasa_nebula_273.jpg,3
/content/data/quasar/quasar_47.jpg,2
/content/data/galaxy/galaxy_283.jpg,1
/content/data/star/fill_star_932.jpg,0
/content/data/galaxy/galaxy_287.jpg,1
/content/data/star/star_154.jpg,0
/content/data/quasar/fill_quasar_141.jpg,2
/content/data/galaxy/galaxy_340.jpg,1
/content/data/galaxy/galaxy_443.jpg,1
/content/data/star/star_303.jpg,0
/content/data/quasar/fill_quasar_220.jpg,2
/content/data/star/fill_star_994.jpg,0
/content/data/planet/nasa_planet_607.jpg,4
/content/data/galaxy/galaxy_125.jpg,1
/content/data/galaxy/galaxy_304.jpg,1
/content/data/quasar/fill_quasar_464.jpg,2
/content/data/planet/nasa_planet_755.jpg,4
/content/data/planet/nasa_planet_920.jpg,4
/content/data/star/star_51.jpg,0
/content/data/nebula/nebula_818.jpg,3
/content/data/nebula/nasa_nebula_275.jpg,3
/content/data/nebula/nebula_404.jpg,3
/content/data/planet/nasa_planet_875.jpg,4
/content/data/nebula/nebula_673.jpg,3
/content/data/planet/nasa_planet_689.jpg,4
/content/data/star/star_183.jpg,0
/content/data/nebula/nasa_nebula_167.jpg,3
/content/data/nebula/nebula_830.jpg,3
/content/data/galaxy/galaxy_474.jpg,1
/content/data/quasar/fill_quasar_426.jpg,2
/content/data/planet/nasa_planet_867.jpg,4
/content/data/quasar/quasar_22.jpg,2
/content/data/star/star_501.jpg,0
/content/data/planet/nasa_planet_400.jpg,4
/content/data/nebula/fill_nebula_925.jpg,3
/content/data/galaxy/galaxy_562.jpg,1
/content/data/nebula/nasa_nebula_265.jpg,3
/content/data/quasar/fill_quasar_569.jpg,2
/content/data/nebula/nasa_nebula_143.jpg,3
/content/data/galaxy/galaxy_927.jpg,1
/content/data/galaxy/galaxy_995.jpg,1
/content/data/quasar/fill_quasar_339.jpg,2
/content/data/star/star_569.jpg,0
/content/data/quasar/fill_quasar_318.jpg,2
/content/data/star/star_349.jpg,0
/content/data/quasar/fill_quasar_442.jpg,2
/content/data/nebula/nasa_nebula_46.jpg,3
/content/data/galaxy/galaxy_744.jpg,1
/content/data/quasar/fill_quasar_441.jpg,2
/content/data/galaxy/galaxy_556.jpg,1
/content/data/galaxy/galaxy_223.jpg,1
/content/data/galaxy/galaxy_135.jpg,1
/content/data/quasar/fill_quasar_346.jpg,2
/content/data/galaxy/galaxy_497.jpg,1
/content/data/planet/nasa_planet_5.jpg,4
/content/data/quasar/fill_quasar_327.jpg,2
/content/data/nebula/nebula_338.jpg,3
/content/data/nebula/fill_nebula_993.jpg,3
/content/data/nebula/nebula_759.jpg,3
/content/data/nebula/nasa_nebula_87.jpg,3
/content/data/star/star_282.jpg,0
/content/data/quasar/fill_quasar_282.jpg,2
/content/data/planet/nasa_planet_321.jpg,4
/content/data/planet/nasa_planet_702.jpg,4
/content/data/planet/nasa_planet_415.jpg,4
/content/data/star/star_488.jpg,0
/content/data/star/star_311.jpg,0
/content/data/nebula/nebula_487.jpg,3
/content/data/galaxy/galaxy_88.jpg,1
/content/data/nebula/fill_nebula_909.jpg,3
/content/data/planet/nasa_planet_421.jpg,4
/content/data/planet/nasa_planet_600.jpg,4
/content/data/star/star_62.jpg,0
/content/data/nebula/fill_nebula_989.jpg,3
/content/data/quasar/quasar_100.jpg,2
/content/data/galaxy/galaxy_407.jpg,1
/content/data/galaxy/galaxy_109.jpg,1
/content/data/planet/nasa_planet_871.jpg,4
/content/data/planet/nasa_planet_912.jpg,4
/content/data/planet/nasa_planet_885.jpg,4
/content/data/nebula/nebula_681.jpg,3
/content/data/planet/nasa_planet_90.jpg,4
/content/data/nebula/nebula_548.jpg,3
/content/data/star/fill_star_750.jpg,0
/content/data/galaxy/galaxy_788.jpg,1
/content/data/nebula/nasa_nebula_128.jpg,3
/content/data/quasar/fill_quasar_406.jpg,2
/content/data/galaxy/galaxy_275.jpg,1
/content/data/planet/nasa_planet_141.jpg,4
/content/data/galaxy/galaxy_382.jpg,1
/content/data/galaxy/galaxy_662.jpg,1
/content/data/galaxy/galaxy_728.jpg,1
/content/data/star/star_509.jpg,0
/content/data/star/fill_star_678.jpg,0
/content/data/galaxy/galaxy_33.jpg,1
/content/data/planet/nasa_planet_155.jpg,4
/content/data/star/star_357.jpg,0
/content/data/star/star_232.jpg,0
/content/data/nebula/nasa_nebula_218.jpg,3
/content/data/nebula/nasa_nebula_114.jpg,3
/content/data/nebula/nebula_783.jpg,3
/content/data/galaxy/galaxy_344.jpg,1
/content/data/galaxy/galaxy_770.jpg,1
/content/data/planet/nasa_planet_67.jpg,4
/content/data/nebula/nebula_448.jpg,3
/content/data/planet/nasa_planet_441.jpg,4
/content/data/planet/nasa_planet_804.jpg,4
/content/data/galaxy/galaxy_305.jpg,1
/content/data/galaxy/galaxy_957.jpg,1
/content/data/quasar/quasar_131.jpg,2
/content/data/planet/nasa_planet_573.jpg,4
/content/data/quasar/fill_quasar_534.jpg,2
/content/data/planet/nasa_planet_13.jpg,4
/content/data/nebula/nebula_426.jpg,3
/content/data/planet/nasa_planet_879.jpg,4
/content/data/galaxy/galaxy_538.jpg,1
/content/data/galaxy/galaxy_83.jpg,1
/content/data/star/star_275.jpg,0
/content/data/nebula/nasa_nebula_153.jpg,3
/content/data/nebula/nebula_452.jpg,3
/content/data/planet/nasa_planet_726.jpg,4
/content/data/quasar/fill_quasar_482.jpg,2
/content/data/star/star_119.jpg,0
/content/data/star/fill_star_752.jpg,0
/content/data/nebula/nebula_794.jpg,3
/content/data/quasar/fill_quasar_139.jpg,2
/content/data/nebula/nasa_nebula_47.jpg,3
/content/data/planet/nasa_planet_557.jpg,4
/content/data/planet/nasa_planet_266.jpg,4
/content/data/galaxy/galaxy_226.jpg,1
/content/data/planet/nasa_planet_304.jpg,4
/content/data/nebula/nasa_nebula_15.jpg,3
/content/data/star/fill_star_663.jpg,0
/content/data/galaxy/galaxy_219.jpg,1
/content/data/star/fill_star_699.jpg,0
/content/data/planet/nasa_planet_678.jpg,4
/content/data/star/star_401.jpg,0
/content/data/planet/nasa_planet_593.jpg,4
/content/data/galaxy/galaxy_233.jpg,1
/content/data/nebula/nasa_nebula_5.jpg,3
/content/data/galaxy/galaxy_341.jpg,1
/content/data/galaxy/galaxy_748.jpg,1
/content/data/galaxy/galaxy_943.jpg,1
/content/data/star/star_542.jpg,0
/content/data/star/fill_star_611.jpg,0
/content/data/quasar/fill_quasar_454.jpg,2
/content/data/star/fill_star_689.jpg,0
/content/data/quasar/fill_quasar_593.jpg,2
/content/data/planet/nasa_planet_330.jpg,4
/content/data/star/star_454.jpg,0
/content/data/planet/nasa_planet_149.jpg,4
/content/data/star/fill_star_943.jpg,0
/content/data/quasar/fill_quasar_627.jpg,2
/content/data/quasar/fill_quasar_234.jpg,2
/content/data/planet/nasa_planet_740.jpg,4
/content/data/planet/nasa_planet_834.jpg,4
/content/data/star/fill_star_861.jpg,0
/content/data/star/nasa_star_6.jpg,0
/content/data/planet/nasa_planet_49.jpg,4
/content/data/galaxy/galaxy_180.jpg,1
/content/data/nebula/fill_nebula_962.jpg,3
/content/data/star/star_480.jpg,0
/content/data/planet/nasa_planet_36.jpg,4
/content/data/star/star_105.jpg,0
/content/data/quasar/quasar_27.jpg,2
/content/data/nebula/nasa_nebula_248.jpg,3
/content/data/nebula/nebula_447.jpg,3
/content/data/galaxy/galaxy_185.jpg,1
/content/data/quasar/fill_quasar_371.jpg,2
/content/data/planet/nasa_planet_613.jpg,4
/content/data/galaxy/galaxy_476.jpg,1
/content/data/star/star_249.jpg,0
/content/data/quasar/fill_quasar_539.jpg,2
/content/data/galaxy/galaxy_57.jpg,1
/content/data/nebula/nasa_nebula_182.jpg,3
/content/data/planet/nasa_planet_112.jpg,4
/content/data/planet/nasa_planet_96.jpg,4
/content/data/quasar/quasar_53.jpg,2
/content/data/galaxy/galaxy_294.jpg,1
/content/data/nebula/nebula_723.jpg,3
/content/data/nebula/nasa_nebula_280.jpg,3
/content/data/nebula/nebula_571.jpg,3
/content/data/galaxy/galaxy_786.jpg,1
/content/data/nebula/nebula_672.jpg,3
/content/data/planet/nasa_planet_424.jpg,4
/content/data/planet/nasa_planet_17.jpg,4
/content/data/nebula/nebula_816.jpg,3
/content/data/planet/nasa_planet_491.jpg,4
/content/data/quasar/fill_quasar_620.jpg,2
/content/data/star/fill_star_902.jpg,0
/content/data/galaxy/galaxy_265.jpg,1
/content/data/quasar/fill_quasar_585.jpg,2
/content/data/nebula/nasa_nebula_106.jpg,3
/content/data/star/star_242.jpg,0
/content/data/planet/nasa_planet_806.jpg,4
/content/data/galaxy/galaxy_584.jpg,1
/content/data/galaxy/galaxy_595.jpg,1
/content/data/planet/nasa_planet_794.jpg,4
/content/data/nebula/nebula_475.jpg,3
/content/data/planet/nasa_planet_610.jpg,4
/content/data/galaxy/galaxy_547.jpg,1
/content/data/nebula/nebula_464.jpg,3
/content/data/galaxy/galaxy_89.jpg,1
/content/data/galaxy/galaxy_878.jpg,1
/content/data/galaxy/galaxy_241.jpg,1
/content/data/planet/nasa_planet_555.jpg,4
/content/data/planet/nasa_planet_99.jpg,4
/content/data/galaxy/galaxy_319.jpg,1
/content/data/nebula/nasa_nebula_257.jpg,3
/content/data/quasar/fill_quasar_284.jpg,2
/content/data/galaxy/galaxy_913.jpg,1
/content/data/galaxy/galaxy_465.jpg,1
/content/data/galaxy/galaxy_865.jpg,1
/content/data/nebula/fill_nebula_973.jpg,3
/content/data/star/star_598.jpg,0
/content/data/planet/nasa_planet_301.jpg,4
/content/data/star/fill_star_623.jpg,0
/content/data/galaxy/galaxy_393.jpg,1
/content/data/planet/nasa_planet_596.jpg,4
/content/data/star/star_445.jpg,0
/content/data/galaxy/galaxy_298.jpg,1
/content/data/planet/nasa_planet_43.jpg,4
/content/data/nebula/nasa_nebula_89.jpg,3
/content/data/planet/nasa_planet_328.jpg,4
/content/data/quasar/quasar_98.jpg,2
/content/data/planet/nasa_planet_957.jpg,4
/content/data/quasar/fill_quasar_301.jpg,2
/content/data/planet/nasa_planet_670.jpg,4
/content/data/nebula/nebula_551.jpg,3
/content/data/galaxy/galaxy_692.jpg,1
/content/data/galaxy/galaxy_263.jpg,1
/content/data/quasar/fill_quasar_332.jpg,2
/content/data/planet/nasa_planet_548.jpg,4
/content/data/star/fill_star_691.jpg,0
/content/data/galaxy/galaxy_787.jpg,1
/content/data/star/fill_star_717.jpg,0
/content/data/planet/nasa_planet_208.jpg,4
/content/data/planet/nasa_planet_221.jpg,4
/content/data/nebula/nebula_655.jpg,3
/content/data/nebula/nasa_nebula_177.jpg,3
/content/data/planet/nasa_planet_448.jpg,4
/content/data/planet/nasa_planet_410.jpg,4
/content/data/galaxy/galaxy_279.jpg,1
/content/data/galaxy/galaxy_956.jpg,1
/content/data/star/star_344.jpg,0
/content/data/star/fill_star_737.jpg,0
/content/data/galaxy/galaxy_299.jpg,1
/content/data/planet/nasa_planet_832.jpg,4
/content/data/star/star_507.jpg,0
/content/data/galaxy/galaxy_361.jpg,1
/content/data/star/star_204.jpg,0
/content/data/star/fill_star_903.jpg,0
/content/data/nebula/fill_nebula_994.jpg,3
/content/data/star/star_420.jpg,0
/content/data/nebula/nebula_408.jpg,3
/content/data/planet/nasa_planet_978.jpg,4
/content/data/quasar/fill_quasar_269.jpg,2
/content/data/star/star_536.jpg,0
/content/data/planet/nasa_planet_872.jpg,4
/content/data/quasar/fill_quasar_299.jpg,2
/content/data/nebula/nebula_406.jpg,3
/content/data/planet/nasa_planet_639.jpg,4
/content/data/nebula/nasa_nebula_115.jpg,3
/content/data/planet/nasa_planet_744.jpg,4
/content/data/galaxy/galaxy_469.jpg,1
/content/data/planet/nasa_planet_434.jpg,4
/content/data/galaxy/galaxy_761.jpg,1
/content/data/planet/nasa_planet_216.jpg,4
/content/data/planet/nasa_planet_423.jpg,4
/content/data/galaxy/galaxy_462.jpg,1
/content/data/nebula/fill_nebula_980.jpg,3
/content/data/star/fill_star_610.jpg,0
/content/data/galaxy/galaxy_868.jpg,1
/content/data/galaxy/galaxy_668.jpg,1
/content/data/nebula/nasa_nebula_19.jpg,3
/content/data/galaxy/galaxy_623.jpg,1
/content/data/nebula/nasa_nebula_183.jpg,3
/content/data/planet/nasa_planet_348.jpg,4
/content/data/quasar/fill_quasar_436.jpg,2
/content/data/nebula/nebula_727.jpg,3
/content/data/galaxy/nasa_galaxy_0.jpg,1
/content/data/planet/nasa_planet_480.jpg,4
/content/data/planet/nasa_planet_57.jpg,4
/content/data/nebula/nebula_686.jpg,3
/content/data/star/fill_star_686.jpg,0
/content/data/quasar/quasar_89.jpg,2
/content/data/galaxy/galaxy_763.jpg,1
/content/data/quasar/quasar_63.jpg,2
/content/data/nebula/nebula_834.jpg,3
/content/data/galaxy/galaxy_225.jpg,1
/content/data/quasar/fill_quasar_303.jpg,2
/content/data/quasar/fill_quasar_626.jpg,2
/content/data/galaxy/galaxy_643.jpg,1
/content/data/nebula/nasa_nebula_198.jpg,3
/content/data/quasar/fill_quasar_411.jpg,2
/content/data/galaxy/galaxy_253.jpg,1
/content/data/galaxy/galaxy_200.jpg,1
/content/data/planet/nasa_planet_569.jpg,4
/content/data/nebula/nebula_323.jpg,3
/content/data/nebula/nebula_481.jpg,3
/content/data/galaxy/galaxy_713.jpg,1
/content/data/quasar/fill_quasar_309.jpg,2
/content/data/star/star_590.jpg,0
/content/data/quasar/quasar_123.jpg,2
/content/data/nebula/fill_nebula_898.jpg,3
/content/data/nebula/fill_nebula_942.jpg,3
/content/data/planet/nasa_planet_889.jpg,4
/content/data/galaxy/galaxy_616.jpg,1
/content/data/planet/nasa_planet_854.jpg,4
/content/data/star/nasa_star_1.jpg,0
/content/data/nebula/nebula_485.jpg,3
/content/data/nebula/nebula_859.jpg,3
/content/data/star/fill_star_819.jpg,0
/content/data/star/star_238.jpg,0
/content/data/galaxy/galaxy_978.jpg,1
/content/data/galaxy/galaxy_853.jpg,1
/content/data/star/star_426.jpg,0
/content/data/nebula/nebula_351.jpg,3
/content/data/star/star_504.jpg,0
/content/data/nebula/nasa_nebula_169.jpg,3
/content/data/planet/nasa_planet_773.jpg,4
/content/data/star/star_145.jpg,0
/content/data/galaxy/galaxy_150.jpg,1
/content/data/star/fill_star_942.jpg,0
/content/data/planet/nasa_planet_222.jpg,4
/content/data/galaxy/galaxy_851.jpg,1
/content/data/nebula/nebula_353.jpg,3
/content/data/quasar/fill_quasar_168.jpg,2
/content/data/planet/nasa_planet_974.jpg,4
/content/data/galaxy/galaxy_449.jpg,1
/content/data/star/fill_star_837.jpg,0
/content/data/galaxy/galaxy_521.jpg,1
/content/data/nebula/nasa_nebula_264.jpg,3
/content/data/star/star_464.jpg,0
/content/data/nebula/nebula_866.jpg,3
/content/data/planet/nasa_planet_171.jpg,4
/content/data/nebula/nasa_nebula_94.jpg,3
/content/data/galaxy/galaxy_822.jpg,1
/content/data/star/star_489.jpg,0
/content/data/quasar/nasa_quasar_0.jpg,2
/content/data/quasar/fill_quasar_183.jpg,2
/content/data/galaxy/galaxy_518.jpg,1
/content/data/star/star_383.jpg,0
/content/data/planet/nasa_planet_529.jpg,4
/content/data/nebula/nebula_582.jpg,3
/content/data/galaxy/galaxy_64.jpg,1
/content/data/nebula/nasa_nebula_219.jpg,3
/content/data/quasar/fill_quasar_265.jpg,2
/content/data/nebula/nasa_nebula_173.jpg,3
/content/data/nebula/nasa_nebula_192.jpg,3
/content/data/planet/nasa_planet_525.jpg,4
/content/data/star/fill_star_609.jpg,0
/content/data/quasar/fill_quasar_164.jpg,2
/content/data/planet/nasa_planet_109.jpg,4
/content/data/star/fill_star_907.jpg,0
/content/data/galaxy/galaxy_166.jpg,1
/content/data/nebula/nasa_nebula_262.jpg,3
/content/data/nebula/nebula_429.jpg,3
/content/data/nebula/nasa_nebula_313.jpg,3
/content/data/galaxy/galaxy_833.jpg,1
/content/data/nebula/nasa_nebula_286.jpg,3
/content/data/galaxy/galaxy_875.jpg,1
/content/data/star/star_326.jpg,0
/content/data/quasar/fill_quasar_158.jpg,2
/content/data/planet/nasa_planet_236.jpg,4
/content/data/quasar/fill_quasar_553.jpg,2
/content/data/nebula/nasa_nebula_315.jpg,3
/content/data/galaxy/galaxy_712.jpg,1
/content/data/galaxy/galaxy_118.jpg,1
/content/data/galaxy/galaxy_134.jpg,1
/content/data/nebula/nasa_nebula_144.jpg,3
/content/data/planet/nasa_planet_322.jpg,4
/content/data/planet/nasa_planet_954.jpg,4
/content/data/quasar/quasar_34.jpg,2
/content/data/star/fill_star_635.jpg,0
/content/data/star/star_63.jpg,0
/content/data/star/fill_star_979.jpg,0
/content/data/star/fill_star_641.jpg,0
/content/data/quasar/quasar_44.jpg,2
/content/data/star/fill_star_889.jpg,0
/content/data/quasar/quasar_36.jpg,2
/content/data/galaxy/galaxy_198.jpg,1
/content/data/planet/nasa_planet_54.jpg,4
/content/data/star/fill_star_895.jpg,0
/content/data/quasar/quasar_108.jpg,2
/content/data/planet/nasa_planet_139.jpg,4
/content/data/nebula/nebula_586.jpg,3
/content/data/galaxy/galaxy_721.jpg,1
/content/data/quasar/fill_quasar_501.jpg,2
/content/data/star/star_360.jpg,0
/content/data/star/star_273.jpg,0
/content/data/planet/nasa_planet_811.jpg,4
/content/data/galaxy/galaxy_675.jpg,1
/content/data/planet/nasa_planet_277.jpg,4
/content/data/nebula/nebula_604.jpg,3
/content/data/star/fill_star_701.jpg,0
/content/data/star/fill_star_632.jpg,0
/content/data/star/star_392.jpg,0
/content/data/star/star_556.jpg,0
/content/data/nebula/nebula_612.jpg,3
/content/data/galaxy/galaxy_451.jpg,1
/content/data/quasar/fill_quasar_194.jpg,2
/content/data/galaxy/galaxy_466.jpg,1
/content/data/planet/nasa_planet_758.jpg,4
/content/data/quasar/fill_quasar_181.jpg,2
/content/data/nebula/nasa_nebula_37.jpg,3
/content/data/galaxy/galaxy_679.jpg,1
/content/data/galaxy/galaxy_575.jpg,1
/content/data/planet/nasa_planet_334.jpg,4
/content/data/planet/nasa_planet_273.jpg,4
/content/data/quasar/fill_quasar_617.jpg,2
/content/data/planet/nasa_planet_651.jpg,4
/content/data/planet/nasa_planet_705.jpg,4
/content/data/galaxy/galaxy_302.jpg,1
/content/data/planet/nasa_planet_200.jpg,4
/content/data/star/star_94.jpg,0
/content/data/quasar/quasar_106.jpg,2
/content/data/nebula/nebula_688.jpg,3
/content/data/planet/nasa_planet_128.jpg,4
/content/data/galaxy/galaxy_98.jpg,1
/content/data/nebula/nasa_nebula_90.jpg,3
/content/data/planet/nasa_planet_183.jpg,4
/content/data/nebula/nasa_nebula_225.jpg,3
/content/data/star/fill_star_698.jpg,0
/content/data/star/fill_star_814.jpg,0
/content/data/nebula/nebula_488.jpg,3
/content/data/nebula/nebula_605.jpg,3
/content/data/planet/nasa_planet_784.jpg,4
/content/data/galaxy/galaxy_628.jpg,1
/content/data/nebula/fill_nebula_921.jpg,3
/content/data/planet/nasa_planet_535.jpg,4
/content/data/star/star_252.jpg,0
/content/data/star/star_267.jpg,0
/content/data/planet/nasa_planet_795.jpg,4
/content/data/star/fill_star_918.jpg,0
/content/data/nebula/nasa_nebula_311.jpg,3
/content/data/planet/nasa_planet_546.jpg,4
/content/data/nebula/fill_nebula_910.jpg,3
/content/data/nebula/fill_nebula_934.jpg,3
/content/data/galaxy/galaxy_508.jpg,1
/content/data/planet/nasa_planet_540.jpg,4
/content/data/star/star_446.jpg,0
/content/data/nebula/fill_nebula_984.jpg,3
/content/data/star/fill_star_669.jpg,0
/content/data/planet/nasa_planet_70.jpg,4
/content/data/nebula/nasa_nebula_298.jpg,3
/content/data/quasar/fill_quasar_340.jpg,2
/content/data/nebula/nebula_687.jpg,3
/content/data/galaxy/galaxy_882.jpg,1
/content/data/planet/nasa_planet_132.jpg,4
/content/data/planet/nasa_planet_2.jpg,4
/content/data/quasar/fill_quasar_138.jpg,2
/content/data/galaxy/galaxy_482.jpg,1
/content/data/star/fill_star_657.jpg,0
/content/data/nebula/nebula_486.jpg,3
/content/data/star/star_330.jpg,0
/content/data/nebula/nebula_620.jpg,3
/content/data/planet/nasa_planet_178.jpg,4
/content/data/planet/nasa_planet_539.jpg,4
/content/data/quasar/fill_quasar_358.jpg,2
/content/data/nebula/fill_nebula_891.jpg,3
/content/data/planet/nasa_planet_323.jpg,4
/content/data/galaxy/galaxy_560.jpg,1
/content/data/quasar/fill_quasar_594.jpg,2
/content/data/planet/nasa_planet_587.jpg,4
/content/data/star/star_498.jpg,0
/content/data/galaxy/galaxy_601.jpg,1
/content/data/galaxy/galaxy_282.jpg,1
/content/data/quasar/fill_quasar_485.jpg,2
/content/data/planet/nasa_planet_713.jpg,4
/content/data/galaxy/galaxy_502.jpg,1
/content/data/nebula/nebula_347.jpg,3
/content/data/planet/nasa_planet_293.jpg,4
/content/data/nebula/nebula_457.jpg,3
/content/data/planet/nasa_planet_824.jpg,4
/content/data/planet/nasa_planet_833.jpg,4
/content/data/quasar/quasar_110.jpg,2
/content/data/star/star_546.jpg,0
/content/data/planet/nasa_planet_576.jpg,4
/content/data/galaxy/galaxy_216.jpg,1
/content/data/planet/nasa_planet_473.jpg,4
/content/data/star/fill_star_711.jpg,0
/content/data/nebula/nasa_nebula_291.jpg,3
/content/data/planet/nasa_planet_787.jpg,4
/content/data/star/star_540.jpg,0
/content/data/galaxy/galaxy_597.jpg,1
/content/data/nebula/nebula_366.jpg,3
/content/data/planet/nasa_planet_550.jpg,4
/content/data/planet/nasa_planet_278.jpg,4
/content/data/planet/nasa_planet_894.jpg,4
/content/data/galaxy/galaxy_673.jpg,1
/content/data/nebula/nebula_555.jpg,3
/content/data/quasar/quasar_82.jpg,2
/content/data/planet/nasa_planet_627.jpg,4
/content/data/planet/nasa_planet_802.jpg,4
/content/data/quasar/fill_quasar_148.jpg,2
/content/data/nebula/nebula_578.jpg,3
/content/data/star/star_81.jpg,0
/content/data/planet/nasa_planet_298.jpg,4
/content/data/galaxy/nasa_galaxy_7.jpg,1
/content/data/quasar/fill_quasar_469.jpg,2
/content/data/planet/nasa_planet_346.jpg,4
/content/data/galaxy/galaxy_238.jpg,1
/content/data/star/fill_star_947.jpg,0
/content/data/planet/nasa_planet_83.jpg,4
/content/data/nebula/nasa_nebula_228.jpg,3
/content/data/galaxy/galaxy_901.jpg,1
/content/data/planet/nasa_planet_886.jpg,4
/content/data/star/fill_star_846.jpg,0
/content/data/nebula/nebula_368.jpg,3
/content/data/planet/nasa_planet_474.jpg,4
/content/data/nebula/nasa_nebula_154.jpg,3
/content/data/galaxy/galaxy_230.jpg,1
/content/data/galaxy/galaxy_602.jpg,1
/content/data/galaxy/nasa_galaxy_26.jpg,1
/content/data/planet/nasa_planet_853.jpg,4
/content/data/planet/nasa_planet_538.jpg,4
/content/data/nebula/nebula_700.jpg,3
/content/data/nebula/nasa_nebula_77.jpg,3
/content/data/planet/nasa_planet_145.jpg,4
/content/data/planet/nasa_planet_734.jpg,4
/content/data/nebula/nebula_588.jpg,3
/content/data/quasar/fill_quasar_186.jpg,2
/content/data/planet/nasa_planet_40.jpg,4
/content/data/galaxy/galaxy_779.jpg,1
/content/data/star/fill_star_847.jpg,0
/content/data/nebula/nasa_nebula_121.jpg,3
/content/data/planet/nasa_planet_168.jpg,4
/content/data/nebula/nasa_nebula_305.jpg,3
/content/data/star/fill_star_818.jpg,0
/content/data/quasar/fill_quasar_456.jpg,2
/content/data/star/fill_star_854.jpg,0
/content/data/quasar/quasar_3.jpg,2
/content/data/star/fill_star_834.jpg,0
/content/data/quasar/fill_quasar_597.jpg,2
/content/data/nebula/fill_nebula_998.jpg,3
/content/data/quasar/fill_quasar_223.jpg,2
/content/data/star/star_72.jpg,0
/content/data/star/star_502.jpg,0
/content/data/quasar/fill_quasar_568.jpg,2
/content/data/star/star_109.jpg,0
/content/data/nebula/nebula_343.jpg,3
/content/data/nebula/nasa_nebula_274.jpg,3
/content/data/nebula/nebula_530.jpg,3
/content/data/nebula/nebula_867.jpg,3
/content/data/star/star_343.jpg,0
/content/data/star/star_478.jpg,0
/content/data/planet/nasa_planet_549.jpg,4
/content/data/nebula/nebula_842.jpg,3
/content/data/nebula/fill_nebula_938.jpg,3
/content/data/star/star_402.jpg,0
/content/data/planet/nasa_planet_531.jpg,4
/content/data/nebula/fill_nebula_982.jpg,3
/content/data/quasar/fill_quasar_190.jpg,2
/content/data/nebula/nebula_639.jpg,3
/content/data/nebula/nebula_699.jpg,3
/content/data/nebula/nebula_349.jpg,3
/content/data/nebula/fill_nebula_875.jpg,3
/content/data/nebula/nasa_nebula_145.jpg,3
/content/data/star/star_601.jpg,0
/content/data/nebula/nebula_846.jpg,3
/content/data/star/star_39.jpg,0
/content/data/nebula/nasa_nebula_196.jpg,3
/content/data/nebula/nebula_796.jpg,3
/content/data/galaxy/galaxy_699.jpg,1
/content/data/quasar/quasar_113.jpg,2
/content/data/star/fill_star_952.jpg,0
/content/data/planet/nasa_planet_449.jpg,4
